id,source_file,family,control_ref,actual_status,actual_risk,latency_seconds,violated_controls,audit_findings,mandated_remediation
BLIND-001,blind_001_ac_ac_2.json,AC,AC-2,COMPLIANT,LOW,10.1117,,"The system has implemented account management practices that include manager and system-owner approval for new accounts, automatic disabling of terminated users, expiration of privileged assignments unless renewed, and a recent quarterly review that confirmed no orphaned privileged accounts. These practices affirmatively support the requirements of AC-2 and AC-2.1 without any material deficiencies.

Deterministic severity rule R1 applies: no material in-scope deficiency was established by the supplied evidence.",No material remediation is required for the supplied in-scope evidence.
BLIND-002,blind_002_ac_ac_17.json,AC,AC-17,PARTIALLY_COMPLIANT,MODERATE,9.715,AC-17,"The system uses a managed VPN with MFA and device certificates for remote access, and vendor sessions are restricted to a support subnet. However, one vendor account remained enabled for 12 days beyond the documented removal window after being inactive for 45 days, indicating a bounded deficiency in account management.

Deterministic severity rule R2 applies: the evidence shows a bounded deficiency or limited exception without an R4 active/direct severe condition.",Review and enforce account management policies to ensure that inactive accounts are disabled within the documented removal window.
BLIND-003,blind_003_ac_ac_6.json,AC,AC-6,NON_COMPLIANT,HIGH,6.8909,AC-6,"Production administrators have a standing role with excessive permissions beyond their daily duties, indicating a violation of the least privilege principle. This presents a major deficiency as the core control requirement is materially ineffective in production.

Deterministic severity rule R3 applies: the evidence shows a major control failure with significant impact potential, but no R4 active/direct severe condition was established.",Implement just-in-time role elevation or narrower roles for routine work to align with the principle of least privilege.
BLIND-004,blind_004_ac_ac_3.json,AC,AC-3,NON_COMPLIANT,CRITICAL,8.5748,AC-3,"The PostgreSQL security group allows unrestricted access (0.0.0.0/0) to the database on TCP/5432, exposing sensitive applicant identity and eligibility records directly to the public internet. This configuration violates the access enforcement requirements of AC-3, as it does not effectively restrict access to authorized users only.

Deterministic severity rule R4 was triggered by: direct public exposure of a sensitive production resource.",Implement a network allowlist to restrict access to the PostgreSQL database to trusted IP addresses and consider using a private endpoint to enhance security.
BLIND-005,blind_005_ac_ac_20.json,AC,AC-20,COMPLIANT,LOW,8.1871,,"The application calls an external tax-validation service that is documented and listed on the approved external-systems register. Outbound traffic is restricted to the provider endpoints, the OAuth token has only the required validation scope, and the connection owner completed the scheduled review this month. No local credentials are stored on the external service.

Deterministic severity rule R1 applies: no material in-scope deficiency was established by the supplied evidence.",No material remediation is required for the supplied in-scope evidence.
BLIND-006,blind_006_at_at_2.json,AT,AT-2,COMPLIANT,LOW,5.7812,,"All active employees and contractors are automatically enrolled in annual security and privacy awareness training. Access to enterprise applications is blocked for new personnel until initial training is completed. The current roster shows no overdue active users, and completion records are retained in the learning system, supporting compliance with AT-2.

Deterministic severity rule R1 applies: no material in-scope deficiency was established by the supplied evidence.",No material remediation is required for the supplied in-scope evidence.
BLIND-007,blind_007_at_at_4.json,AT,AT-4,PARTIALLY_COMPLIANT,MODERATE,7.939,AT-4,"Training completion records for four contractors were not exported from a subsidiary learning portal into the central archive, indicating a deficiency in the documentation and monitoring of training records. However, their training can still be verified in the source portal, and access controls were not affected. The archive correction is open, which limits the scope of the deficiency.

Deterministic severity rule R2 applies: the evidence shows a bounded deficiency or limited exception without an R4 active/direct severe condition.","To address the bounded deficiency, the organization should prioritize the export of the training records from the subsidiary portal to the central archive and ensure that this process is completed in a timely manner."
BLIND-008,blind_008_at_at_3.json,AT,AT-3,NON_COMPLIANT,HIGH,13.1975,AT-3,"The platform engineer was granted production administrator access before completing the required role-based security training, indicating a significant gap in compliance with the AT-3 control requirements.

Deterministic severity rule R3 applies: the evidence shows a major control failure with significant impact potential, but no R4 active/direct severe condition was established.",The organization should ensure that all personnel complete the required role-based security training before being granted access to production systems.
BLIND-009,blind_009_at_at_3.json,AT,AT-3,NON_COMPLIANT,CRITICAL,7.6519,AT-3,"A temporary operator was granted production export privileges without the required data-handling and administrator training, leading to the confirmed copying of sensitive data (claimant Social Security numbers) to a personal cloud-storage account. This constitutes a confirmed sensitive data disclosure and unauthorized privileged use, as the operator acted without proper training and authorization.

Deterministic severity rule R4 was triggered by: confirmed sensitive-data disclosure or loss; actual unauthorized privileged use; sensitive media or data left organizational control without adequate protection.","Immediate training on data handling and security protocols should be provided to all personnel with access to sensitive data. Additionally, access controls should be reviewed and enforced to prevent unauthorized access to sensitive information."
BLIND-010,blind_010_at_at_2.json,AT,AT-2,PARTIALLY_COMPLIANT,MODERATE,6.7122,AT-2,"The annual awareness campaign is complete for 98% of active personnel. Two non-privileged call-center employees are five days past the training due date due to extended leave, but their accounts are limited to the call-center application. Automated reminders and manager follow-up are active, indicating a strong effort to ensure compliance with training requirements.

Deterministic severity rule R2 applies: the evidence shows a bounded deficiency or limited exception without an R4 active/direct severe condition.",The two overdue call-center employees should complete their training as soon as possible to maintain compliance with the awareness training requirement.
BLIND-011,blind_011_au_au_3.json,AU,AU-3,COMPLIANT,LOW,6.9564,,"The audit records for the Appeals-AuditTrail system contain all required fields as specified in AU-3, including timestamp, source, user or service identity, event type, affected object, outcome, and originating network context. Administrative changes are also logged with before-and-after configuration values, confirming compliance with the control requirements.

Deterministic severity rule R1 applies: no material in-scope deficiency was established by the supplied evidence.",No material remediation is required for the supplied in-scope evidence.
BLIND-012,blind_012_au_au_6.json,AU,AU-6,PARTIALLY_COMPLIANT,MODERATE,8.0654,AU-6,"The system has automated log correlation and security alerts in place. However, the documented weekly human review was completed late in three of the last twelve weeks due to staffing coverage issues, indicating a bounded deficiency in the timely review process.

Deterministic severity rule R2 applies: the evidence shows a bounded deficiency or limited exception without an R4 active/direct severe condition.","To address the bounded deficiency, it is recommended to improve staffing coverage to ensure timely completion of the weekly human review of audit records."
BLIND-013,blind_013_au_au_9.json,AU,AU-9,NON_COMPLIANT,HIGH,8.5997,AU-9,"The same production platform administrators who manage source systems also hold write and delete permissions on the audit bucket, which undermines the segregation of duties necessary to protect audit information from unauthorized modification or deletion. While MFA and private access are enforced, the potential for unauthorized access exists due to the permissions granted to the administrators.

Deterministic severity rule R3 applies: the evidence shows a major control failure with significant impact potential, but no R4 active/direct severe condition was established.",Implement stricter access controls to ensure that individuals who manage source systems do not have write or delete permissions on the audit logs. Establish a clear segregation of duties to protect the integrity of audit information.
BLIND-014,blind_014_au_au_2.json,AU,AU-2,NON_COMPLIANT,CRITICAL,8.8296,AU-2,"Administrative network-policy changes are not captured by the production logging pipeline, leading to an unauthorized change that opened the production document store to anonymous Internet access. This lack of logging prevents attribution of the actor involved in the incident, indicating a major deficiency in the event logging control.

Deterministic severity rule R4 was triggered by: direct public exposure of a sensitive production resource.","Implement comprehensive logging for all administrative changes, ensuring that all relevant events are captured and retained to support incident investigations and accountability."
BLIND-015,blind_015_au_au_2.json,AU,AU-2,NON_COMPLIANT,HIGH,7.1784,AU-2,"The logging configuration excludes production identity-provider administrative changes and cloud network-policy changes, indicating a significant gap in the logging of critical events required for effective audit and accountability.

Deterministic severity rule R3 applies: the evidence shows a major control failure with significant impact potential, but no R4 active/direct severe condition was established.","Review and update the logging configuration to include all relevant event types, particularly production identity-provider administrative changes and cloud network-policy changes, to ensure compliance with AU-2."
BLIND-016,blind_016_ca_ca_2.json,CA,CA-2,COMPLIANT,LOW,6.0378,,"The system completed its scheduled control assessment, recording test procedures, evidence references, findings, responsible owners, and retest results for closed items, which supports compliance with CA-2 requirements.

Deterministic severity rule R1 applies: no material in-scope deficiency was established by the supplied evidence.",No material remediation is required for the supplied in-scope evidence.
BLIND-017,blind_017_ca_ca_5.json,CA,CA-5,PARTIALLY_COMPLIANT,MODERATE,7.8775,CA-5,"The POA&M contains owners, milestones, risk descriptions, and evidence links. Three medium-priority items are 18 to 32 days past their planned completion dates, indicating a bounded deficiency. Compensating controls remain in place, and the items are reviewed in the monthly risk meeting. No active exposure is described.

Deterministic severity rule R2 applies: the evidence shows a bounded deficiency or limited exception without an R4 active/direct severe condition.",Remediation efforts should focus on addressing the overdue items in the POA&M to ensure timely completion and update of the plan.
BLIND-018,blind_018_ca_ca_2.json,CA,CA-2,NON_COMPLIANT,HIGH,8.9165,CA-2,"The most recent assessment artifact is outdated and does not cover the new identity provider, database service, or network design. A formal assessment of the changed control implementation has not been performed, indicating a significant gap in compliance with CA-2 requirements.

Deterministic severity rule R3 applies: the evidence shows a major control failure with significant impact potential, but no R4 active/direct severe condition was established.","Conduct a formal control assessment to evaluate the new identity provider, database service, and network design to ensure compliance with CA-2."
BLIND-019,blind_019_ca_ca_8.json,CA,CA-8,NON_COMPLIANT,CRITICAL,6.2375,CA-8,"A penetration test revealed that an unauthenticated request could access an administrator-only API, returning protected case data. This indicates confirmed sensitive data disclosure and direct public exposure of sensitive resources. The endpoint remains deployed without a fix or compensating controls, establishing a major deficiency.

Deterministic severity rule R4 was triggered by: confirmed sensitive-data disclosure or loss; direct public exposure of a sensitive production resource; internet-facing known exploitable critical vulnerability without mitigation.",Immediate remediation is required to secure the exposed API endpoint and implement compensating controls until a code fix is deployed.
BLIND-020,blind_020_ca_ca_8.json,CA,CA-8,NON_COMPLIANT,CRITICAL,6.0293,CA-8,"External testing identified an API endpoint that accepts an expired session token, allowing modification of another taxpayer's mailing address. This endpoint is directly exposed to the public and remains enabled in production, indicating a significant vulnerability.

Deterministic severity rule R4 was triggered by: direct public exposure of a sensitive production resource.",The vulnerable API endpoint should be disabled or secured to prevent unauthorized access and modification of sensitive information until a fix can be deployed.
BLIND-021,blind_021_cm_cm_2.json,CM,CM-2,COMPLIANT,LOW,6.1566,,"The infrastructure baseline is version-controlled, approved, and deployed through the same pipeline used for production. Daily drift checks compare running resources with the baseline and automatically open a ticket for unapproved differences. The current report shows no unresolved production drift, indicating effective management of the baseline configuration.

Deterministic severity rule R1 applies: no material in-scope deficiency was established by the supplied evidence.",No material remediation is required for the supplied in-scope evidence.
BLIND-022,blind_022_cm_cm_8.json,CM,CM-8,PARTIALLY_COMPLIANT,MODERATE,7.5779,CM-8,"The component inventory includes accounts, clusters, databases, queues, and persistent workloads. However, short-lived batch workers are represented by their managed worker group rather than as individual instances, and two recent jobs were not visible as individual inventory records, indicating a limitation in the completeness of the inventory.

Deterministic severity rule R2 applies: the evidence shows a bounded deficiency or limited exception without an R4 active/direct severe condition.","To improve compliance with CM-8, the inventory should be updated to include short-lived batch workers as individual instances or ensure that their representation accurately reflects their operational status."
BLIND-023,blind_023_cm_cm_3.json,CM,CM-3,NON_COMPLIANT,HIGH,9.5794,CM-3|CM-3.1,"The emergency-change path allows configuration changes without prior approval, which violates the requirement for review and approval of proposed changes. Additionally, retrospective reviews are inconsistent, and there is no enforced separation of duties between requesters and approvers, indicating a significant deficiency in the control process.

Deterministic severity rule R3 applies: the evidence shows a major control failure with significant impact potential, but no R4 active/direct severe condition was established.","Implement a formal approval process for all configuration changes, ensure consistent retrospective reviews, and establish a separation of duties between requesters and approvers to align with CM-3 and CM-3.1."
BLIND-024,blind_024_cm_cm_6.json,CM,CM-6,NON_COMPLIANT,CRITICAL,9.6732,CM-6,"The configuration update disabled the public-access block on the production export bucket and applied an ACL that allows anonymous reads, directly exposing sensitive customer data to public access. This constitutes a major deficiency in configuration management as it violates the principle of maintaining restrictive access controls.

Deterministic severity rule R4 was triggered by: direct public exposure of a sensitive production resource.",Reinstate the public-access block on the production export bucket and remove the public ACL to prevent unauthorized access to sensitive customer data. Establish and document secure configuration settings in accordance with CM-6.
BLIND-025,blind_025_cm_cm_7.json,CM,CM-7,COMPLIANT,LOW,6.9597,,"The production build hosts use an approved minimal image, removing unnecessary software and services, and enforcing package allowlisting. The latest scan confirmed no unauthorized services are enabled, supporting compliance with CM-7 (Least Functionality).

Deterministic severity rule R1 applies: no material in-scope deficiency was established by the supplied evidence.",No material remediation is required for the supplied in-scope evidence.
BLIND-026,blind_026_cp_cp_4.json,CP,CP-4,COMPLIANT,LOW,6.103,,"The recovery team completed a scheduled exercise that restored the application, database, identity integration, and outbound notification path in the alternate region. Recovery objectives were met, exceptions were documented, and findings were retested after correction, indicating effective contingency plan testing as per CP-4.

Deterministic severity rule R1 applies: no material in-scope deficiency was established by the supplied evidence.",No material remediation is required for the supplied in-scope evidence.
BLIND-027,blind_027_cp_cp_9.json,CP,CP-9,PARTIALLY_COMPLIANT,MODERATE,6.1868,CP-9,"The system is creating encrypted daily backups and immutable weekly copies, which supports the backup requirements. However, the quarterly restore test is overdue, indicating a bounded deficiency in the testing of backup restoration capabilities.

Deterministic severity rule R2 applies: the evidence shows a bounded deficiency or limited exception without an R4 active/direct severe condition.","To address the bounded deficiency, ensure that the overdue quarterly restore test is conducted as soon as the test environment is available."
BLIND-028,blind_028_cp_cp_10.json,CP,CP-10,NON_COMPLIANT,HIGH,5.5284,CP-10,"The system has replicated application images and database backups, but the signing key needed to start the application is not replicated and cannot be reconstructed from the recovery package. This indicates a major deficiency in the recovery capability, as the service cannot complete reconstitution without manually rebuilding the key hierarchy.

Deterministic severity rule R3 applies: the evidence shows a major control failure with significant impact potential, but no R4 active/direct severe condition was established.","To address the major deficiency, ensure that the signing key is included in the recovery strategy and replicated alongside application images and database backups to enable complete system recovery."
BLIND-029,blind_029_cp_cp_9.json,CP,CP-9,NON_COMPLIANT,CRITICAL,6.0538,CP-9,"A ransomware event is actively encrypting the production file service, and the only recent backup repository is mounted read-write in the same environment, leading to encryption of backup data as well. There is no isolated immutable copy of the affected data set, indicating a major deficiency in backup protection and recovery capability.

Deterministic severity rule R4 was triggered by: active compromise or destructive activity.",Implement isolated and immutable backup solutions to protect against ransomware attacks and ensure that backups are not susceptible to encryption by malicious activity.
BLIND-030,blind_030_cp_cp_2.json,CP,CP-2,PARTIALLY_COMPLIANT,MODERATE,10.4346,CP-2,"The contingency plan is approved and covers essential elements such as roles, recovery priorities, dependencies, and communications. However, one external telecom contact is outdated, indicating a need for an update to the contact information, which contributes to a bounded deficiency.

Deterministic severity rule R2 applies: the evidence shows a bounded deficiency or limited exception without an R4 active/direct severe condition.",Update the contingency plan to reflect the current external telecom contact information and ensure all contact details are accurate.
BLIND-031,blind_031_ia_ia_2.json,IA,IA-2,COMPLIANT,LOW,7.8862,,"All workforce identities authenticate through the enterprise identity provider, and administrators use phishing-resistant hardware-backed MFA. Shared administrator accounts are prohibited, and privileged sessions are tied to individual identities. The latest access review found no password-only privileged accounts, indicating compliance with IA-2 and IA-2.1.

Deterministic severity rule R1 applies: no material in-scope deficiency was established by the supplied evidence.",No material remediation is required for the supplied in-scope evidence.
BLIND-032,blind_032_ia_ia_5.json,IA,IA-5,PARTIALLY_COMPLIANT,MODERATE,8.0874,IA-5,"Authenticator issuance, revocation, and rotation are centrally managed. However, one non-production service credential exceeded its 90-day rotation interval by seven days due to an automation failure. This indicates a bounded deficiency in the enforcement of the authenticator rotation policy, although the credential is limited to a synthetic-data environment and cannot access production.

Deterministic severity rule R2 applies: the evidence shows a bounded deficiency or limited exception without an R4 active/direct severe condition.",Rotation of the affected credential has been scheduled and monitoring remains active. Continued enforcement of the rotation policy is necessary to prevent future lapses.
BLIND-033,blind_033_ia_ia_2.json,IA,IA-2,NON_COMPLIANT,CRITICAL,7.4789,IA-2|IA-2.1,"The production global-administrator account is shared and uses a password without multi-factor authentication (MFA). This setup violates the requirements for unique identification and authentication of users (IA-2) and the requirement for MFA for privileged accounts (IA-2.1). Additionally, the shared nature of the account prevents reliable tracking of actions to individual administrators.

Deterministic severity rule R4 was triggered by: internet-exposed privileged interface with materially weak authentication.",Implement unique accounts for each administrator and enforce multi-factor authentication for access to privileged accounts to comply with IA-2 and IA-2.1.
BLIND-034,blind_034_ia_ia_2.json,IA,IA-2,NON_COMPLIANT,CRITICAL,8.5905,IA-2,"An attacker used a stolen production administrator credential to sign in from an unrecognized network and create a new privileged identity. This indicates unauthorized privileged use, as the attacker was able to gain access and create an account without valid authorization.

Deterministic severity rule R4 was triggered by: actual unauthorized privileged use.",Immediate revocation of the attacker-created account and a review of authentication mechanisms to ensure that unique identification and authentication processes are effectively implemented.
BLIND-035,blind_035_ia_ia_8.json,IA,IA-8,NON_COMPLIANT,HIGH,11.7847,IA-8,"The application uses a shared federation identity for three external partner organizations, which prevents it from uniquely identifying and authenticating individual partner employees. This lack of unique identification constitutes a major deficiency in meeting the requirements of IA-8.

Deterministic severity rule R3 applies: the evidence shows a major control failure with significant impact potential, but no R4 active/direct severe condition was established.",Implement a mechanism to uniquely identify and authenticate individual non-organizational users to comply with IA-8.
BLIND-036,blind_036_ir_ir_3.json,IR,IR-3,COMPLIANT,LOW,7.3734,,"The incident-response team conducts semiannual exercises that include various scenarios and actions, demonstrating effective testing of incident response capabilities. Corrective actions from prior exercises have been closed, indicating a proactive approach to incident response.

Deterministic severity rule R1 applies: no material in-scope deficiency was established by the supplied evidence.",No material remediation is required for the supplied in-scope evidence.
BLIND-037,blind_037_ir_ir_5.json,IR,IR-5,PARTIALLY_COMPLIANT,MODERATE,7.9918,IR-5,"All security incidents are tracked with unique tickets and relevant details. However, for four low-severity incidents, the root-cause field was left blank after closure, indicating incomplete documentation for these incidents. High-severity incidents have complete records, suggesting a deficiency in the documentation process for low-severity incidents.

Deterministic severity rule R2 applies: the evidence shows a bounded deficiency or limited exception without an R4 active/direct severe condition.","To improve compliance with IR-5, ensure that all incidents, regardless of severity, have complete documentation, including root-cause analysis, to fully meet the tracking and documentation requirements."
BLIND-038,blind_038_ir_ir_6.json,IR,IR-6,NON_COMPLIANT,HIGH,7.2684,IR-6,"The incident process defines internal escalation, but there is no tested method or current contact list for required external regulatory notification. This indicates a significant gap in the incident reporting capability, which is a core requirement of IR-6.

Deterministic severity rule R3 applies: the evidence shows a major control failure with significant impact potential, but no R4 active/direct severe condition was established.","Develop and implement a tested method for external regulatory notification, including maintaining an up-to-date contact list for required notifications."
BLIND-039,blind_039_ir_ir_4.json,IR,IR-4,NON_COMPLIANT,CRITICAL,7.2708,IR-4,"An attacker is actively exporting claim attachments from a compromised service account, and new exports are appearing in the egress logs. The account has not been disabled, and the affected workload remains connected, indicating that the incident is not contained and poses a significant risk.

Deterministic severity rule R4 was triggered by: active compromise or destructive activity; active/confirmed high-impact incident with containment or required-notification failure.",Immediate containment actions should be taken to disable the compromised service account and disconnect the affected workload to prevent further data export.
BLIND-040,blind_040_ir_ir_6.json,IR,IR-6,NON_COMPLIANT,CRITICAL,5.7338,IR-6,"A confirmed incident exposed regulated health records, and the organization failed to submit the required external notification after the notification threshold was exceeded. Internal leadership is aware of the incident, and the missed deadline is documented, indicating a significant deficiency in the incident reporting process.

Deterministic severity rule R4 was triggered by: confirmed sensitive-data disclosure or loss; active/confirmed high-impact incident with containment or required-notification failure.",The organization must ensure that external notifications are submitted in accordance with established reporting procedures to comply with incident reporting requirements.
BLIND-041,blind_041_ma_ma_4.json,MA,MA-4,COMPLIANT,LOW,8.0882,,"The RemoteMaintenance-Bastion system employs strong authentication, requires approved work orders, limits sessions to named targets, records maintenance activities, and automatically terminates sessions after the maintenance window, thus fully supporting the MA-4 control requirements without any material deficiencies.

Deterministic severity rule R1 applies: no material in-scope deficiency was established by the supplied evidence.",No material remediation is required for the supplied in-scope evidence.
BLIND-042,blind_042_ma_ma_3.json,MA,MA-3,PARTIALLY_COMPLIANT,MODERATE,6.9892,MA-3,"The maintenance tools are stored in a controlled enclave and scanned before use, which supports the control. However, one approved diagnostic package is 21 days behind its vendor security update due to compatibility issues, indicating a bounded deficiency in timely updates.

Deterministic severity rule R2 applies: the evidence shows a bounded deficiency or limited exception without an R4 active/direct severe condition.","To address the bounded deficiency, the organization should prioritize updating the diagnostic package to the latest version once compatibility issues are resolved."
BLIND-043,blind_043_ma_ma_5.json,MA,MA-5,NON_COMPLIANT,CRITICAL,9.91,MA-5,"The vendor technician uses a shared production administrator credential without MFA, which constitutes materially weak authentication for an internet-exposed privileged interface. While the session is supervised and no unauthorized work is identified, the lack of individual accountability and MFA presents a significant security concern.

Deterministic severity rule R4 was triggered by: internet-exposed privileged interface with materially weak authentication.",Implement individual credentials for maintenance personnel and enforce Multi-Factor Authentication (MFA) for all privileged access to enhance security and accountability.
BLIND-044,blind_044_ma_ma_4.json,MA,MA-4,NON_COMPLIANT,CRITICAL,7.5762,MA-4,"The production firewall's maintenance interface is directly reachable from the Internet and uses a shared administrator password without MFA, which constitutes a significant security risk and violates the requirement for strong authentication and monitoring of nonlocal maintenance activities.

Deterministic severity rule R4 was triggered by: direct public exposure of a sensitive production resource; internet-exposed privileged interface with materially weak authentication.","Implement strong authentication mechanisms, such as MFA, for the maintenance interface and restrict access to the interface to trusted networks only."
BLIND-045,blind_045_ma_ma_2.json,MA,MA-2,COMPLIANT,LOW,6.6606,,"Maintenance windows require owner approval and are recorded with technician identity, affected components, start/end times, and validation results. Sampling the last quarter found approved tickets for all production maintenance and no work outside approved windows, supporting compliance with MA-2.

Deterministic severity rule R1 applies: no material in-scope deficiency was established by the supplied evidence.",No material remediation is required for the supplied in-scope evidence.
BLIND-046,blind_046_mp_mp_6.json,MP,MP-6,COMPLIANT,LOW,8.4944,,"Retired storage devices are sanitized using an approved method, the sanitization result is verified, and the asset record is updated before the device leaves the secure area. The latest disposal batch includes device identifiers, operator signatures, verification results, and destruction-chain records, supporting compliance with MP-6.

Deterministic severity rule R1 applies: no material in-scope deficiency was established by the supplied evidence.",No material remediation is required for the supplied in-scope evidence.
BLIND-047,blind_047_mp_mp_4.json,MP,MP-4,PARTIALLY_COMPLIANT,MODERATE,6.3481,MP-4,"Encrypted backup cartridges are stored in a badge-controlled vault, which supports secure storage. However, the blank shelf-location field in the media inventory indicates a deficiency in inventory management.

Deterministic severity rule R2 applies: the evidence shows a bounded deficiency or limited exception without an R4 active/direct severe condition.","To address the deficiency, ensure that the media inventory is updated to reflect accurate shelf locations for all cartridges."
BLIND-048,blind_048_mp_mp_6.json,MP,MP-6,NON_COMPLIANT,HIGH,6.2474,MP-6,"The sanitization job for the retired encrypted SSDs was skipped, and there is no verification record of the sanitization process. Although the drives are under organizational control, the lack of sanitization prior to disposal or release constitutes a major deficiency in compliance with MP-6.

Deterministic severity rule R3 applies: the evidence shows a major control failure with significant impact potential, but no R4 active/direct severe condition was established.",The organization should ensure that the sanitization process is completed and verified for the retired SSDs before any disposal or release. Implementing a reliable sanitization mechanism and maintaining verification records will help achieve compliance with MP-6.
BLIND-049,blind_049_mp_mp_5.json,MP,MP-5,NON_COMPLIANT,CRITICAL,7.9563,MP-5,"An unencrypted backup drive containing taxpayer records was lost during transport, indicating a failure to protect sensitive media as required by MP-5. The drive left the facility without effective protection and cannot be located, confirming a loss of sensitive data.

Deterministic severity rule R4 was triggered by: confirmed sensitive-data disclosure or loss.",Implement encryption for backup drives and ensure that all media transport activities are documented and conducted by authorized personnel to comply with MP-5.
BLIND-050,blind_050_mp_mp_2.json,MP,MP-2,PARTIALLY_COMPLIANT,MODERATE,8.2283,MP-2,"Access to the encrypted removable-media cabinet is limited to the data operations group, which supports the control. However, two engineers who no longer work in the building remain on the access list, indicating a bounded deficiency until they are removed. Media checkout requires a separate active badge scan, which is a compensating control.

Deterministic severity rule R2 applies: the evidence shows a bounded deficiency or limited exception without an R4 active/direct severe condition.",Remove the two engineers from the access list during the next weekly access review to fully comply with the MP-2 control.
BLIND-051,blind_051_pe_pe_3.json,PE,PE-3,COMPLIANT,LOW,8.5954,,"The production equipment floor requires a facility badge and biometric verification, security staff monitor the entrance, tailgating alarms are enabled, and door events are logged. The latest access review confirmed that all active badge holders are mapped to approved roles, supporting compliance with PE-3.

Deterministic severity rule R1 applies: no material in-scope deficiency was established by the supplied evidence.",No material remediation is required for the supplied in-scope evidence.
BLIND-052,blind_052_pe_pe_6.json,PE,PE-6,PARTIALLY_COMPLIANT,MODERATE,7.439,PE-6,"Camera coverage and badge events are monitored continuously, but there is a blind spot outside a server-room door. The door is badge-controlled and alarmed, and the situation is being addressed with a scheduled camera replacement. This indicates a bounded deficiency due to the blind spot, but overall monitoring is in place.

Deterministic severity rule R2 applies: the evidence shows a bounded deficiency or limited exception without an R4 active/direct severe condition.",Replace the camera to eliminate the blind spot and ensure comprehensive monitoring of physical access.
BLIND-053,blind_053_pe_pe_2.json,PE,PE-2,NON_COMPLIANT,CRITICAL,5.8737,PE-2,"Fourteen contractor badges provide data-center access without current physical-access approval records, indicating a failure to maintain an authorized access list as required by PE-2. This situation allows for uncontrolled physical access to a sensitive production area.

Deterministic severity rule R4 was triggered by: uncontrolled physical access to a sensitive production area.",Immediate review and re-authorization of all contractor access to ensure compliance with PE-2. Establish a process to maintain and regularly review the access list for all individuals with facility access.
BLIND-054,blind_054_pe_pe_3.json,PE,PE-3,NON_COMPLIANT,CRITICAL,6.2479,PE-3,"The loading-dock door does not latch properly, allowing unauthorized access to the production equipment corridor without badge verification. This condition has persisted, enabling uncontrolled physical access to sensitive production areas.

Deterministic severity rule R4 was triggered by: uncontrolled physical access to a sensitive production area.",Immediate repair of the loading-dock door is required to restore proper latching functionality and ensure that physical access controls are enforced.
BLIND-055,blind_055_pe_pe_2.json,PE,PE-2,NON_COMPLIANT,HIGH,7.2697,PE-2,"The quarterly badge review was skipped for two consecutive quarters, resulting in 37 active data-center badge holders without current manager recertification, indicating a significant deficiency in maintaining an up-to-date access authorization list as required by PE-2.

Deterministic severity rule R3 applies: the evidence shows a major control failure with significant impact potential, but no R4 active/direct severe condition was established.",Conduct the overdue badge review immediately to recertify access for all badge holders and establish a process to ensure timely future reviews.
BLIND-056,blind_056_pl_pl_2.json,PL,PL-2,COMPLIANT,LOW,9.1124,,"The Assistance-SystemPlan describes the system boundary, information types, roles, external connections, identity services, encryption approach, logging, contingency dependencies, and responsibility assignments. It has been updated after the last architecture release and approved by the system owner, supporting compliance with PL-2 requirements.

Deterministic severity rule R1 applies: no material in-scope deficiency was established by the supplied evidence.",No material remediation is required for the supplied in-scope evidence.
BLIND-057,blind_057_pl_pl_4.json,PL,PL-4,PARTIALLY_COMPLIANT,MODERATE,6.6617,PL-4,"Updated rules of behavior were issued, and 92% of users acknowledged the revision. The remaining users have received reminders and retain the same non-privileged application access. The prior rules remain in effect until acknowledgment, indicating a bounded deficiency in user acknowledgment.

Deterministic severity rule R2 applies: the evidence shows a bounded deficiency or limited exception without an R4 active/direct severe condition.",Encourage the remaining users to acknowledge the updated rules of behavior to fully comply with the control requirements.
BLIND-058,blind_058_pl_pl_2.json,PL,PL-2,NON_COMPLIANT,HIGH,9.508,PL-2,"The authorization plan is outdated, describing a retired on-premises identity service and omitting critical components such as the cloud administrator boundary, production encryption design, and current external analytics connection. This indicates a major deficiency as the plan does not accurately reflect the current system architecture and operational context.

Deterministic severity rule R3 applies: the evidence shows a major control failure with significant impact potential, but no R4 active/direct severe condition was established.","The security and privacy plans should be updated to accurately reflect the current system components, operational context, and any changes in the environment of operation."
BLIND-059,blind_059_pl_pl_8.json,PL,PL-8,NON_COMPLIANT,CRITICAL,9.8438,PL-8,"An unapproved service-mesh route bypasses the authentication gateway and forwards live session tokens to an external troubleshooting endpoint over HTTP, indicating a major deficiency in the security architecture and a critical trigger for active plaintext transmission of sensitive data.

Deterministic severity rule R4 was triggered by: active plaintext transmission of sensitive data or credentials.","Implement proper routing controls to ensure that all service-mesh routes are approved and authenticated, and ensure that sensitive data is transmitted over secure channels."
BLIND-060,blind_060_pl_pl_8.json,PL,PL-8,NON_COMPLIANT,CRITICAL,6.6525,PL-8,"The architecture includes a temporary production bridge that connects an Internet-facing legacy service directly to the internal administration API without an authentication proxy, allowing public service tier requests to invoke administrator functions. This setup exposes sensitive resources directly to public access and lacks adequate authentication, indicating a major deficiency in the security architecture.

Deterministic severity rule R4 was triggered by: direct public exposure of a sensitive production resource; internet-exposed privileged interface with materially weak authentication.",Implement an authentication proxy for the bridge to restrict access to administrator functions and ensure that sensitive resources are not directly exposed to public access. Review and update the security architecture to align with PL-8 requirements.
BLIND-061,blind_061_pm_pm_9.json,PM,PM-9,COMPLIANT,LOW,6.3673,,"The organization has developed and approved a comprehensive risk management strategy that defines risk assumptions, tolerance, assessment methods, response options, review cadence, and executive ownership, which is referenced by system-level risk assessments and authorization reviews. This supports compliance with PM-9 without any identified deficiencies.

Deterministic severity rule R1 applies: no material in-scope deficiency was established by the supplied evidence.",No material remediation is required for the supplied in-scope evidence.
BLIND-062,blind_062_pm_pm_10.json,PM,PM-10,PARTIALLY_COMPLIANT,MODERATE,8.1791,PM-10,"The enterprise authorization process is in place, but one low-complexity internal subsystem is 30 days beyond its scheduled review date. Continuous monitoring remains active, indicating that oversight is still in effect, but the overdue review represents a bounded deficiency.

Deterministic severity rule R2 applies: the evidence shows a bounded deficiency or limited exception without an R4 active/direct severe condition.",The overdue review should be addressed promptly to ensure compliance with the authorization process requirements.
BLIND-063,blind_063_pm_pm_5.json,PM,PM-5,NON_COMPLIANT,HIGH,5.3211,PM-5,"The production analytics service processing sensitive benefit data is absent from the enterprise system inventory and has no registered business owner in the governance catalog, indicating a major deficiency in the system inventory control.

Deterministic severity rule R3 applies: the evidence shows a major control failure with significant impact potential, but no R4 active/direct severe condition was established.","The organization should ensure that all production services, including the analytics service, are documented in the system inventory and assign a registered business owner to maintain governance compliance."
BLIND-064,blind_064_pm_pm_5.json,PM,PM-5,NON_COMPLIANT,CRITICAL,5.9389,PM-5,"The Internet-accessible production service processing regulated applicant data is not present in the enterprise system inventory and has no assigned system owner. Additionally, its export endpoint allows anonymous download of daily applicant files through a public URL, indicating direct public sensitive resource exposure.

Deterministic severity rule R4 was triggered by: direct public exposure of a sensitive production resource.","The organization should include the Internet-accessible production service in the system inventory and assign a system owner. Additionally, access controls should be implemented to restrict the export endpoint to authorized users only."
BLIND-065,blind_065_pm_pm_4.json,PM,PM-4,COMPLIANT,LOW,7.4757,,"The organization maintains a centralized POA&M process that includes risk descriptions, owners, milestones, dependencies, approval history, and closure evidence. Monthly governance meetings review aging items, and the sample reviewed contained no unowned or untracked findings, indicating effective management of the POA&M process.

Deterministic severity rule R1 applies: no material in-scope deficiency was established by the supplied evidence.",No material remediation is required for the supplied in-scope evidence.
BLIND-066,blind_066_ps_ps_3.json,PS,PS-3,COMPLIANT,LOW,6.2751,,"Personnel screening is completed before access to sensitive systems, with re-screening intervals based on position risk. The current privileged-user sample has completed screening records and no access was granted before the required determination.

Deterministic severity rule R1 applies: no material in-scope deficiency was established by the supplied evidence.",No material remediation is required for the supplied in-scope evidence.
BLIND-067,blind_067_ps_ps_5.json,PS,PS-5,PARTIALLY_COMPLIANT,MODERATE,6.0648,PS-5,"The user's privileged finance access was removed on the transfer date, which aligns with the requirement to modify access authorization. However, read-only access to a team file-share was retained for two additional days, which may indicate a deficiency in the ongoing operational need assessment for that access.

Deterministic severity rule R2 applies: the evidence shows a bounded deficiency or limited exception without an R4 active/direct severe condition.","Review the access permissions for the team file-share to ensure they align with the principle of least privilege and operational need, and consider removing any unnecessary access immediately upon transfer."
BLIND-068,blind_068_ps_ps_4.json,PS,PS-4,PARTIALLY_COMPLIANT,MODERATE,8.6539,PS-4,"A terminated platform engineer's production administrator account remained enabled for 24 hours after termination due to a failure in the HR feed. Although there was no sign-in by that identity after termination, the delay in disabling the account indicates a bounded deficiency in compliance with PS-4.

Deterministic severity rule R2 applies: the evidence shows a bounded deficiency or limited exception without an R4 active/direct severe condition.","To address the bounded deficiency, ensure that the HR feed is functioning correctly to disable accounts immediately upon termination. Regular audits should be conducted to verify that access is revoked in a timely manner."
BLIND-069,blind_069_ps_ps_4.json,PS,PS-4,NON_COMPLIANT,CRITICAL,7.2103,PS-4,"A terminated administrator's account remained active for two hours post-termination, during which it authenticated to production and deleted centralized audit-log retention policies, indicating unauthorized privileged use.

Deterministic severity rule R4 was triggered by: actual unauthorized privileged use.","Immediate revocation of access for terminated personnel is required, along with a review of access control processes to ensure timely disabling of accounts upon termination."
BLIND-070,blind_070_ps_ps_2.json,PS,PS-2,PARTIALLY_COMPLIANT,MODERATE,7.5921,PS-2,"The annual review of three non-privileged clerical positions is 40 days overdue, indicating a bounded deficiency in compliance with PS-2. However, their duties and access have not changed since the last designation, and high-risk technical positions were reviewed on schedule.

Deterministic severity rule R2 applies: the evidence shows a bounded deficiency or limited exception without an R4 active/direct severe condition.",Conduct the overdue annual review of the clerical positions to ensure compliance with PS-2.
BLIND-071,blind_071_pt_pt_2.json,PT,PT-2,COMPLIANT,LOW,6.7024,,"The system records the legal authority for each collected PII category and requires privacy-office approval before adding new data elements, which supports compliance with PT-2. No deficiencies are noted in the provided evidence.

Deterministic severity rule R1 applies: no material in-scope deficiency was established by the supplied evidence.",No material remediation is required for the supplied in-scope evidence.
BLIND-072,blind_072_pt_pt_5.json,PT,PT-5,PARTIALLY_COMPLIANT,MODERATE,6.7567,PT-5,"The privacy notice accurately describes the data collected, purpose, retention period, and user rights. However, it still lists the prior corporate name of an analytics processor, which indicates a deficiency in clarity and accuracy. A notice refresh is pending legal review, which constrains the deficiency but does not eliminate it.

Deterministic severity rule R2 applies: the evidence shows a bounded deficiency or limited exception without an R4 active/direct severe condition.",Update the privacy notice to reflect the current corporate name of the analytics processor once the legal review is complete.
BLIND-073,blind_073_pt_pt_3.json,PT,PT-3,NON_COMPLIANT,HIGH,5.941,PT-3,"The organization has not documented the approved processing purposes for several derived data sets and has not established a review process to prevent new analytics uses from being added, indicating a significant deficiency in compliance with control PT-3.

Deterministic severity rule R3 applies: the evidence shows a major control failure with significant impact potential, but no R4 active/direct severe condition was established.",The organization should document the approved processing purposes for all derived data sets and establish a review process to ensure that new analytics uses are properly evaluated and authorized.
BLIND-074,blind_074_pt_pt_4.json,PT,PT-4,NON_COMPLIANT,CRITICAL,6.9343,PT-4,"The application collects optional disability and ethnicity information before displaying the consent screen, which violates the requirement to obtain consent prior to data collection. Additionally, sensitive data is transmitted immediately to a third-party analytics service without consent, indicating active plaintext transmission of sensitive data.

Deterministic severity rule R4 was triggered by: active plaintext transmission of sensitive data or credentials; actual sensitive-PII use/disclosure outside authorized purpose or effective consent.","To remediate this issue, the application should be updated to ensure that consent is obtained prior to the collection of any personally identifiable information, and sensitive data should not be transmitted to third parties without proper consent."
BLIND-075,blind_075_pt_pt_3.json,PT,PT-3,NON_COMPLIANT,CRITICAL,11.4041,PT-3|PT-3.1,"The original collection purpose for processing personally identifiable information (PII) is documented; however, there is no process to approve or record new secondary analytical purposes before access is granted. This indicates a significant gap in compliance with the requirements of PT-3, which mandates that processing purposes be documented and restricted to compatible uses. Additionally, the lack of data tagging as per PT-3.1 further exacerbates the deficiency.

Deterministic severity rule R4 was triggered by: actual sensitive-PII use/disclosure outside authorized purpose or effective consent.","Implement a formal process to approve and document any new secondary analytical purposes for accessing personally identifiable information. Additionally, establish data tagging mechanisms to ensure that the purposes for which PII is processed are clearly defined and communicated."
BLIND-076,blind_076_ra_ra_3.json,RA,RA-3,COMPLIANT,LOW,9.2302,,"The system's risk assessment identifies threat sources, vulnerabilities, likelihood, impact, existing controls, residual risk, and planned responses. It was updated after the latest architecture change and approved by the risk owner, affirmatively supporting the requirements of RA-3.

Deterministic severity rule R1 applies: no material in-scope deficiency was established by the supplied evidence.",No material remediation is required for the supplied in-scope evidence.
BLIND-077,blind_077_ra_ra_5.json,RA,RA-5,PARTIALLY_COMPLIANT,MODERATE,8.4785,RA-5,"Weekly authenticated scanning is conducted, and findings are tracked to closure. However, six medium-severity findings are overdue by 8 to 16 days, indicating a bounded deficiency in remediation timelines. No scanning coverage gap is present, and internet-facing severe findings are within target.

Deterministic severity rule R2 applies: the evidence shows a bounded deficiency or limited exception without an R4 active/direct severe condition.",Remediation efforts should focus on addressing the overdue medium-severity findings to align with internal remediation targets.
BLIND-078,blind_078_ra_ra_2.json,RA,RA-2,NON_COMPLIANT,HIGH,8.7017,RA-2,"The production service has been operating for five months with a provisional impact categorization that was never formally approved, indicating a significant deficiency in the required security categorization process as outlined in RA-2.

Deterministic severity rule R3 applies: the evidence shows a major control failure with significant impact potential, but no R4 active/direct severe condition was established.","The organization should complete the formal security categorization process, including obtaining the necessary approvals and documenting the categorization results in the security plan."
BLIND-079,blind_079_ra_ra_5.json,RA,RA-5,NON_COMPLIANT,CRITICAL,14.2898,RA-5,"The Internet-facing production gateway is running a software version with a published remote-code-execution vulnerability. Internal testing confirmed unauthenticated code execution against the deployed version, and there are no active mitigations in place, indicating a major deficiency in vulnerability management.

Deterministic severity rule R4 was triggered by: internet-facing known exploitable critical vulnerability without mitigation.","Immediate patching of the vulnerable software version is required, along with the implementation of compensating controls such as a web application firewall or network restrictions until the patch can be applied."
BLIND-080,blind_080_ra_ra_5.json,RA,RA-5,NON_COMPLIANT,CRITICAL,6.3956,RA-5,"A severe deserialization flaw was identified on the public claims API, which remains publicly reachable and has not been mitigated. This indicates a major deficiency in vulnerability management and exposes the system to direct public access with a known exploitable vulnerability.

Deterministic severity rule R4 was triggered by: direct public exposure of a sensitive production resource; internet-facing known exploitable critical vulnerability without mitigation.",Immediate deployment of mitigation changes is required to address the identified deserialization flaw and to ensure that the public claims API is secured against unauthorized access.
BLIND-081,blind_081_sa_sa_4.json,SA,SA-4,COMPLIANT,LOW,6.7676,,"The contract for the managed database service includes security and privacy requirements, incident notification, vulnerability remediation, data-location restrictions, evidence access, subcontractor obligations, and service termination requirements. The security office approved the final terms before service activation, affirmatively supporting the requirements of SA-4.

Deterministic severity rule R1 applies: no material in-scope deficiency was established by the supplied evidence.",No material remediation is required for the supplied in-scope evidence.
BLIND-082,blind_082_sa_sa_5.json,SA,SA-5,PARTIALLY_COMPLIANT,MODERATE,9.3085,SA-5,"Administrator, operator, and recovery documentation is maintained in a controlled repository. However, the network troubleshooting section references an outdated monitoring dashboard, indicating a deficiency in documentation accuracy. The current dashboard link is available in the operations runbook, which mitigates some concerns, but the outdated reference suggests a bounded deficiency in documentation maintenance.

Deterministic severity rule R2 applies: the evidence shows a bounded deficiency or limited exception without an R4 active/direct severe condition.",Update the network troubleshooting section to reflect the current monitoring dashboard and ensure all documentation is accurate and up-to-date.
BLIND-083,blind_083_sa_sa_3.json,SA,SA-3,NON_COMPLIANT,HIGH,6.9616,SA-3,"The new production microservice was released through an emergency path that bypassed the required threat model and security test gates, indicating a significant deficiency in the system development life cycle processes mandated by SA-3.

Deterministic severity rule R3 applies: the evidence shows a major control failure with significant impact potential, but no R4 active/direct severe condition was established.","To address the major deficiency, it is essential to complete the required threat modeling and security testing for the microservice, ensuring that all security lifecycle activities are properly documented and executed."
BLIND-084,blind_084_sa_sa_4.json,SA,SA-4,NON_COMPLIANT,CRITICAL,8.9139,SA-4,"The contract with the new supplier lacks required security and privacy clauses, and a production file containing sensitive applicant identifiers and financial information was placed in a publicly readable cloud bucket, indicating a direct public sensitive resource exposure.

Deterministic severity rule R4 was triggered by: direct public exposure of a sensitive production resource.",The organization should update the supplier contract to include necessary security and privacy clauses and ensure that sensitive data is not placed in publicly accessible locations.
BLIND-085,blind_085_sa_sa_9.json,SA,SA-9,COMPLIANT,LOW,6.6529,,"The external notification provider is covered by an approved service agreement, defined security requirements, annual evidence review, incident-notification obligations, and a documented exit process. The latest review was completed and no open high-severity findings remain, supporting compliance with SA-9.

Deterministic severity rule R1 applies: no material in-scope deficiency was established by the supplied evidence.",No material remediation is required for the supplied in-scope evidence.
BLIND-086,blind_086_sc_sc_8.json,SC,SC-8,COMPLIANT,LOW,6.9631,,"All production service-to-service traffic uses TLS 1.3 with mutual certificate authentication, certificates are issued by the enterprise CA, validation is enforced, and no unencrypted application payload was found in packet captures. This supports compliance with SC-8 as confidentiality and integrity of transmitted information are protected.

Deterministic severity rule R1 applies: no material in-scope deficiency was established by the supplied evidence.",No material remediation is required for the supplied in-scope evidence.
BLIND-087,blind_087_sc_sc_13.json,SC,SC-13,COMPLIANT,LOW,8.2981,,"The system uses approved cryptographic libraries for production data, and the isolated legacy service uses an older approved algorithm for operational metadata only, which cannot receive customer records and is limited to its application subnet. This supports compliance with SC-13 without any material deficiencies.

Deterministic severity rule R1 applies: no material in-scope deficiency was established by the supplied evidence.",No material remediation is required for the supplied in-scope evidence.
BLIND-088,blind_088_sc_sc_28.json,SC,SC-28,NON_COMPLIANT,HIGH,6.3472,SC-28,"The production analytics database containing sensitive case information is stored on volumes without at-rest encryption, indicating a major deficiency in the protection of information at rest.

Deterministic severity rule R3 applies: the evidence shows a major control failure with significant impact potential, but no R4 active/direct severe condition was established.",Implement at-rest encryption for the analytics database to comply with SC-28.
BLIND-089,blind_089_sc_sc_8.json,SC,SC-8,NON_COMPLIANT,CRITICAL,6.471,SC-8,"The production web tier sends bearer session tokens to an external troubleshooting collector using HTTP, exposing the Authorization header in plaintext. This indicates a failure to protect the confidentiality and integrity of transmitted information as required by SC-8.

Deterministic severity rule R4 was triggered by: active plaintext transmission of sensitive data or credentials.",Implement secure transmission protocols such as HTTPS to encrypt the bearer session tokens during transmission to protect their confidentiality and integrity.
BLIND-090,blind_090_sc_sc_23.json,SC,SC-23,PARTIALLY_COMPLIANT,MODERATE,7.7652,SC-23,"Session tokens are cryptographically signed and bound to the application domain, and revocation and MFA are active. However, the token-rotation change is three weeks late, resulting in a maximum token lifetime of 45 minutes instead of the target of 30 minutes, indicating a bounded deficiency.

Deterministic severity rule R2 applies: the evidence shows a bounded deficiency or limited exception without an R4 active/direct severe condition.","To address the bounded deficiency, the token rotation should be completed to align with the target of a 30-minute maximum token lifetime."
BLIND-091,blind_091_si_si_2.json,SI,SI-2,COMPLIANT,LOW,6.8645,,"Production assets are inventoried against vendor advisories daily, severe security fixes are tested and deployed within the documented timeline, and deployment status is verified. There are no overdue severe production flaws, indicating effective flaw remediation practices are in place.

Deterministic severity rule R1 applies: no material in-scope deficiency was established by the supplied evidence.",No material remediation is required for the supplied in-scope evidence.
BLIND-092,blind_092_si_si_4.json,SI,SI-4,PARTIALLY_COMPLIANT,MODERATE,7.0561,SI-4,"The system is actively monitoring telemetry from various sources, but a staffing shortage has caused delays in responding to low-severity alerts, which indicates a bounded deficiency in the monitoring process. High-severity alerts are still being addressed promptly, maintaining some level of operational effectiveness.

Deterministic severity rule R2 applies: the evidence shows a bounded deficiency or limited exception without an R4 active/direct severe condition.","To address the bounded deficiency, it is recommended to increase staffing or resources to ensure timely triage of all alerts, including low-severity ones, to enhance overall monitoring effectiveness."
BLIND-093,blind_093_si_si_7.json,SI,SI-7,NON_COMPLIANT,CRITICAL,7.786,SI-7,"The build pipeline records artifact hashes, but there is no automated verification of release signatures before deployment. The manual comparison process does not fulfill the integrity verification requirement, indicating a major deficiency in the control.

Deterministic severity rule R4 was triggered by: integrity verification bypassed or tampered artifact running in production.","Implement automated integrity verification tools to ensure that release signatures are verified before deployment, thereby addressing the major deficiency in the integrity control."
BLIND-094,blind_094_si_si_7.json,SI,SI-7,NON_COMPLIANT,CRITICAL,7.8205,SI-7,"The integrity verification process was bypassed, allowing a mismatched package to run in production without validation of its source. This constitutes a major deficiency in the integrity control as the core requirement is materially ineffective in production.

Deterministic severity rule R4 was triggered by: integrity verification bypassed or tampered artifact running in production.",Immediate remediation is required to enforce integrity verification checks and validate package sources before deployment to production environments.
BLIND-095,blind_095_si_si_4.json,SI,SI-4,NON_COMPLIANT,HIGH,7.4244,SI-4,"Production database audit telemetry and cloud identity events have stopped reaching the monitoring platform after a collector migration six weeks ago, indicating a major deficiency in monitoring capabilities for privileged identity and database activity.

Deterministic severity rule R3 applies: the evidence shows a major control failure with significant impact potential, but no R4 active/direct severe condition was established.",Immediate action is required to restore the monitoring of production database audit telemetry and cloud identity events to ensure compliance with SI-4.
BLIND-096,blind_096_sr_sr_2.json,SR,SR-2,COMPLIANT,LOW,6.2588,,"The organization maintains a supply-chain risk management plan that covers critical suppliers, component sourcing, provenance, supplier monitoring, incident response, and update cadence. The plan was reviewed this year and maps owners and required actions to the current supplier inventory, affirmatively supporting the requirements of SR-2.

Deterministic severity rule R1 applies: no material in-scope deficiency was established by the supplied evidence.",No material remediation is required for the supplied in-scope evidence.
BLIND-097,blind_097_sr_sr_6.json,SR,SR-6,PARTIALLY_COMPLIANT,MODERATE,7.8945,SR-6,"The reassessment of a low-risk office-software provider is 45 days overdue due to a delayed evidence package. However, the provider does not process regulated data or connect to production, and critical suppliers are current. This indicates a bounded deficiency related to the overdue reassessment.

Deterministic severity rule R2 applies: the evidence shows a bounded deficiency or limited exception without an R4 active/direct severe condition.","To address the bounded deficiency, the overdue reassessment should be completed as soon as the evidence package is received to ensure compliance with the supplier assessment requirements."
BLIND-098,blind_098_sr_sr_4.json,SR,SR-4,NON_COMPLIANT,CRITICAL,7.019,SR-4,"The production library was obtained from an approved supplier, and its checksum matches the recorded value at build time. However, the supplier did not provide the required provenance attestation for that version, indicating a major deficiency in the provenance control.

Deterministic severity rule R4 was triggered by: integrity verification bypassed or tampered artifact running in production.",Obtain the required provenance attestation from the supplier for the deployed library version to ensure compliance with SR-4.
BLIND-099,blind_099_sr_sr_11.json,SR,SR-11,NON_COMPLIANT,CRITICAL,7.4057,SR-11,"A production dependency was retrieved from an unofficial mirror, the downloaded package hash differs from the approved release hash, and the package lacks a valid signature. This indicates a failure in integrity verification, as the component is currently loaded in the production service without proper validation.

Deterministic severity rule R4 was triggered by: integrity verification bypassed or tampered artifact running in production.","Implement strict policies to ensure that all dependencies are retrieved from approved sources only, and establish procedures for verifying the integrity and authenticity of components before deployment."
BLIND-100,blind_100_sr_sr_4.json,SR,SR-4,NON_COMPLIANT,CRITICAL,8.7101,SR-4|CM-2,"The firmware update was installed from an unapproved distribution channel and did not match the vendor-published digest, indicating a failure in maintaining valid provenance. The mismatched firmware is currently running in production, which constitutes a major deficiency in integrity verification.

Deterministic severity rule R4 was triggered by: integrity verification bypassed or tampered artifact running in production.","Immediate review and validation of the firmware integrity process is required. Implement strict controls to ensure that only approved firmware updates are installed, and conduct a thorough audit of the current firmware running on production appliances."
