id,filename,family,family_name,control_ref,expected_status,expected_risk,scenario_style,provenance,ground_truth_rationale
TC-001,tc01_plaintext_db.json,SC,System and Communications Protection,SC-8,NON_COMPLIANT,CRITICAL,existing_repo_case,existing repository case,"Explicit plaintext transport, unencrypted credentials, and missing MFA match the evaluator's CRITICAL rubric."
TC-002,tc02_zerotrust_govcloud.json,AC,Access Control,AC-3,COMPLIANT,LOW,existing_repo_case,existing repository case,"Strict mTLS, CMK encryption, hardware MFA, and private access match the evaluator's COMPLIANT rubric."
TC-003,tc03_missing_kms.json,SC,System and Communications Protection,SC-28,PARTIALLY_COMPLIANT,MODERATE,existing_repo_case,existing repository case,"TLS and MFA are active, but the customer-managed KMS key is missing, matching the evaluator's MODERATE rubric."
TC-004,tc04_public_ingress.json,SC,System and Communications Protection,SC-7,NON_COMPLIANT,CRITICAL,existing_repo_case,existing repository case,Direct public database exposure matches the evaluator's CRITICAL rubric.
TC-005,tc005_ac_access_control_ac_2_fully_implemented.json,AC,Access Control,AC-2,COMPLIANT,LOW,positive_evidence,"synthetic, rubric-aligned, NIST-family-grounded","All four explicit low-risk rubric signals are present (mTLS/TLS, customer-managed encryption, private access, hardware MFA), and the AC-2 evidence is affirmatively implemented."
TC-006,tc006_ac_access_control_ac_3_fully_implemented.json,AC,Access Control,AC-3,COMPLIANT,LOW,positive_evidence,"synthetic, rubric-aligned, NIST-family-grounded","All four explicit low-risk rubric signals are present (mTLS/TLS, customer-managed encryption, private access, hardware MFA), and the AC-3 evidence is affirmatively implemented."
TC-007,tc007_ac_access_control_ac_6_fully_implemented.json,AC,Access Control,AC-6,COMPLIANT,LOW,positive_evidence,"synthetic, rubric-aligned, NIST-family-grounded","All four explicit low-risk rubric signals are present (mTLS/TLS, customer-managed encryption, private access, hardware MFA), and the AC-6 evidence is affirmatively implemented."
TC-008,tc008_ac_access_control_ac_2_secondary_control_gap.json,AC,Access Control,AC-2,PARTIALLY_COMPLIANT,MODERATE,secondary_gap,"synthetic, rubric-aligned, NIST-family-grounded","Core protections required by the current evaluator remain active, but a documented secondary AC-2 deficiency remains; this matches PARTIALLY_COMPLIANT / MODERATE."
TC-009,tc009_ac_access_control_ac_3_secondary_control_gap.json,AC,Access Control,AC-3,PARTIALLY_COMPLIANT,MODERATE,secondary_gap,"synthetic, rubric-aligned, NIST-family-grounded","Core protections required by the current evaluator remain active, but a documented secondary AC-3 deficiency remains; this matches PARTIALLY_COMPLIANT / MODERATE."
TC-010,tc010_ac_access_control_ac_6_secondary_control_gap.json,AC,Access Control,AC-6,PARTIALLY_COMPLIANT,MODERATE,secondary_gap,"synthetic, rubric-aligned, NIST-family-grounded","Core protections required by the current evaluator remain active, but a documented secondary AC-6 deficiency remains; this matches PARTIALLY_COMPLIANT / MODERATE."
TC-011,tc011_ac_access_control_ac_17_secondary_control_gap.json,AC,Access Control,AC-17,PARTIALLY_COMPLIANT,MODERATE,secondary_gap,"synthetic, rubric-aligned, NIST-family-grounded","Core protections required by the current evaluator remain active, but a documented secondary AC-17 deficiency remains; this matches PARTIALLY_COMPLIANT / MODERATE."
TC-012,tc012_ac_access_control_ac_2_with_critical_cross_cutting_failure.json,AC,Access Control,AC-2,NON_COMPLIANT,CRITICAL,adversarial_instruction_in_evidence,"synthetic, rubric-aligned, NIST-family-grounded","The scenario contains an explicit current-production 'missing administrator MFA' condition, one of the current evaluator's enumerated NON_COMPLIANT / CRITICAL triggers."
TC-013,tc013_ac_access_control_ac_3_with_critical_cross_cutting_failure.json,AC,Access Control,AC-3,NON_COMPLIANT,CRITICAL,critical_override,"synthetic, rubric-aligned, NIST-family-grounded","The scenario contains an explicit current-production 'plaintext transport' condition, one of the current evaluator's enumerated NON_COMPLIANT / CRITICAL triggers."
TC-014,tc014_at_awareness_and_training_at_3_fully_implemented.json,AT,Awareness and Training,AT-3,COMPLIANT,LOW,positive_evidence,"synthetic, rubric-aligned, NIST-family-grounded","All four explicit low-risk rubric signals are present (mTLS/TLS, customer-managed encryption, private access, hardware MFA), and the AT-3 evidence is affirmatively implemented."
TC-015,tc015_at_awareness_and_training_at_4_fully_implemented.json,AT,Awareness and Training,AT-4,COMPLIANT,LOW,positive_evidence,"synthetic, rubric-aligned, NIST-family-grounded","All four explicit low-risk rubric signals are present (mTLS/TLS, customer-managed encryption, private access, hardware MFA), and the AT-4 evidence is affirmatively implemented."
TC-016,tc016_at_awareness_and_training_at_6_fully_implemented.json,AT,Awareness and Training,AT-6,COMPLIANT,LOW,positive_evidence,"synthetic, rubric-aligned, NIST-family-grounded","All four explicit low-risk rubric signals are present (mTLS/TLS, customer-managed encryption, private access, hardware MFA), and the AT-6 evidence is affirmatively implemented."
TC-017,tc017_at_awareness_and_training_at_2_fully_implemented.json,AT,Awareness and Training,AT-2,COMPLIANT,LOW,positive_evidence,"synthetic, rubric-aligned, NIST-family-grounded","All four explicit low-risk rubric signals are present (mTLS/TLS, customer-managed encryption, private access, hardware MFA), and the AT-2 evidence is affirmatively implemented."
TC-018,tc018_at_awareness_and_training_at_3_secondary_control_gap.json,AT,Awareness and Training,AT-3,PARTIALLY_COMPLIANT,MODERATE,secondary_gap,"synthetic, rubric-aligned, NIST-family-grounded","Core protections required by the current evaluator remain active, but a documented secondary AT-3 deficiency remains; this matches PARTIALLY_COMPLIANT / MODERATE."
TC-019,tc019_at_awareness_and_training_at_4_secondary_control_gap.json,AT,Awareness and Training,AT-4,PARTIALLY_COMPLIANT,MODERATE,secondary_gap,"synthetic, rubric-aligned, NIST-family-grounded","Core protections required by the current evaluator remain active, but a documented secondary AT-4 deficiency remains; this matches PARTIALLY_COMPLIANT / MODERATE."
TC-020,tc020_at_awareness_and_training_at_6_secondary_control_gap.json,AT,Awareness and Training,AT-6,PARTIALLY_COMPLIANT,MODERATE,secondary_gap,"synthetic, rubric-aligned, NIST-family-grounded","Core protections required by the current evaluator remain active, but a documented secondary AT-6 deficiency remains; this matches PARTIALLY_COMPLIANT / MODERATE."
TC-021,tc021_at_awareness_and_training_at_2_secondary_control_gap.json,AT,Awareness and Training,AT-2,PARTIALLY_COMPLIANT,MODERATE,secondary_gap,"synthetic, rubric-aligned, NIST-family-grounded","Core protections required by the current evaluator remain active, but a documented secondary AT-2 deficiency remains; this matches PARTIALLY_COMPLIANT / MODERATE."
TC-022,tc022_at_awareness_and_training_at_3_with_critical_cross_cutting.json,AT,Awareness and Training,AT-3,NON_COMPLIANT,CRITICAL,critical_override,"synthetic, rubric-aligned, NIST-family-grounded","The scenario contains an explicit current-production 'unencrypted credentials in S3' condition, one of the current evaluator's enumerated NON_COMPLIANT / CRITICAL triggers."
TC-023,tc023_at_awareness_and_training_at_4_with_critical_cross_cutting.json,AT,Awareness and Training,AT-4,NON_COMPLIANT,CRITICAL,critical_override,"synthetic, rubric-aligned, NIST-family-grounded","The scenario contains an explicit current-production 'publicly accessible database' condition, one of the current evaluator's enumerated NON_COMPLIANT / CRITICAL triggers."
TC-024,tc024_au_audit_and_accountability_au_6_fully_implemented.json,AU,Audit and Accountability,AU-6,COMPLIANT,LOW,positive_evidence,"synthetic, rubric-aligned, NIST-family-grounded","All four explicit low-risk rubric signals are present (mTLS/TLS, customer-managed encryption, private access, hardware MFA), and the AU-6 evidence is affirmatively implemented."
TC-025,tc025_au_audit_and_accountability_au_9_fully_implemented.json,AU,Audit and Accountability,AU-9,COMPLIANT,LOW,positive_evidence,"synthetic, rubric-aligned, NIST-family-grounded","All four explicit low-risk rubric signals are present (mTLS/TLS, customer-managed encryption, private access, hardware MFA), and the AU-9 evidence is affirmatively implemented."
TC-026,tc026_au_audit_and_accountability_au_2_fully_implemented.json,AU,Audit and Accountability,AU-2,COMPLIANT,LOW,positive_evidence,"synthetic, rubric-aligned, NIST-family-grounded","All four explicit low-risk rubric signals are present (mTLS/TLS, customer-managed encryption, private access, hardware MFA), and the AU-2 evidence is affirmatively implemented."
TC-027,tc027_au_audit_and_accountability_au_3_fully_implemented.json,AU,Audit and Accountability,AU-3,COMPLIANT,LOW,positive_evidence,"synthetic, rubric-aligned, NIST-family-grounded","All four explicit low-risk rubric signals are present (mTLS/TLS, customer-managed encryption, private access, hardware MFA), and the AU-3 evidence is affirmatively implemented."
TC-028,tc028_au_audit_and_accountability_au_6_secondary_control_gap.json,AU,Audit and Accountability,AU-6,PARTIALLY_COMPLIANT,MODERATE,secondary_gap,"synthetic, rubric-aligned, NIST-family-grounded","Core protections required by the current evaluator remain active, but a documented secondary AU-6 deficiency remains; this matches PARTIALLY_COMPLIANT / MODERATE."
TC-029,tc029_au_audit_and_accountability_au_9_secondary_control_gap.json,AU,Audit and Accountability,AU-9,PARTIALLY_COMPLIANT,MODERATE,secondary_gap,"synthetic, rubric-aligned, NIST-family-grounded","Core protections required by the current evaluator remain active, but a documented secondary AU-9 deficiency remains; this matches PARTIALLY_COMPLIANT / MODERATE."
TC-030,tc030_au_audit_and_accountability_au_2_secondary_control_gap.json,AU,Audit and Accountability,AU-2,PARTIALLY_COMPLIANT,MODERATE,secondary_gap,"synthetic, rubric-aligned, NIST-family-grounded","Core protections required by the current evaluator remain active, but a documented secondary AU-2 deficiency remains; this matches PARTIALLY_COMPLIANT / MODERATE."
TC-031,tc031_au_audit_and_accountability_au_3_secondary_control_gap.json,AU,Audit and Accountability,AU-3,PARTIALLY_COMPLIANT,MODERATE,secondary_gap,"synthetic, rubric-aligned, NIST-family-grounded","Core protections required by the current evaluator remain active, but a documented secondary AU-3 deficiency remains; this matches PARTIALLY_COMPLIANT / MODERATE."
TC-032,tc032_au_audit_and_accountability_au_6_with_critical_cross_cutti.json,AU,Audit and Accountability,AU-6,NON_COMPLIANT,CRITICAL,adversarial_instruction_in_evidence,"synthetic, rubric-aligned, NIST-family-grounded","The scenario contains an explicit current-production 'plaintext transport' condition, one of the current evaluator's enumerated NON_COMPLIANT / CRITICAL triggers."
TC-033,tc033_au_audit_and_accountability_au_9_with_critical_cross_cutti.json,AU,Audit and Accountability,AU-9,NON_COMPLIANT,CRITICAL,critical_override,"synthetic, rubric-aligned, NIST-family-grounded","The scenario contains an explicit current-production 'missing administrator MFA' condition, one of the current evaluator's enumerated NON_COMPLIANT / CRITICAL triggers."
TC-034,tc034_ca_assessment_authorization_and_monitoring_ca_9_fully_impl.json,CA,"Assessment, Authorization, and Monitoring",CA-9,COMPLIANT,LOW,positive_evidence,"synthetic, rubric-aligned, NIST-family-grounded","All four explicit low-risk rubric signals are present (mTLS/TLS, customer-managed encryption, private access, hardware MFA), and the CA-9 evidence is affirmatively implemented."
TC-035,tc035_ca_assessment_authorization_and_monitoring_ca_2_fully_impl.json,CA,"Assessment, Authorization, and Monitoring",CA-2,COMPLIANT,LOW,positive_evidence,"synthetic, rubric-aligned, NIST-family-grounded","All four explicit low-risk rubric signals are present (mTLS/TLS, customer-managed encryption, private access, hardware MFA), and the CA-2 evidence is affirmatively implemented."
TC-036,tc036_ca_assessment_authorization_and_monitoring_ca_5_fully_impl.json,CA,"Assessment, Authorization, and Monitoring",CA-5,COMPLIANT,LOW,positive_evidence,"synthetic, rubric-aligned, NIST-family-grounded","All four explicit low-risk rubric signals are present (mTLS/TLS, customer-managed encryption, private access, hardware MFA), and the CA-5 evidence is affirmatively implemented."
TC-037,tc037_ca_assessment_authorization_and_monitoring_ca_7_fully_impl.json,CA,"Assessment, Authorization, and Monitoring",CA-7,COMPLIANT,LOW,positive_evidence,"synthetic, rubric-aligned, NIST-family-grounded","All four explicit low-risk rubric signals are present (mTLS/TLS, customer-managed encryption, private access, hardware MFA), and the CA-7 evidence is affirmatively implemented."
TC-038,tc038_ca_assessment_authorization_and_monitoring_ca_9_secondary_.json,CA,"Assessment, Authorization, and Monitoring",CA-9,PARTIALLY_COMPLIANT,MODERATE,secondary_gap,"synthetic, rubric-aligned, NIST-family-grounded","Core protections required by the current evaluator remain active, but a documented secondary CA-9 deficiency remains; this matches PARTIALLY_COMPLIANT / MODERATE."
TC-039,tc039_ca_assessment_authorization_and_monitoring_ca_2_secondary_.json,CA,"Assessment, Authorization, and Monitoring",CA-2,PARTIALLY_COMPLIANT,MODERATE,secondary_gap,"synthetic, rubric-aligned, NIST-family-grounded","Core protections required by the current evaluator remain active, but a documented secondary CA-2 deficiency remains; this matches PARTIALLY_COMPLIANT / MODERATE."
TC-040,tc040_ca_assessment_authorization_and_monitoring_ca_5_secondary_.json,CA,"Assessment, Authorization, and Monitoring",CA-5,PARTIALLY_COMPLIANT,MODERATE,secondary_gap,"synthetic, rubric-aligned, NIST-family-grounded","Core protections required by the current evaluator remain active, but a documented secondary CA-5 deficiency remains; this matches PARTIALLY_COMPLIANT / MODERATE."
TC-041,tc041_ca_assessment_authorization_and_monitoring_ca_7_secondary_.json,CA,"Assessment, Authorization, and Monitoring",CA-7,PARTIALLY_COMPLIANT,MODERATE,secondary_gap,"synthetic, rubric-aligned, NIST-family-grounded","Core protections required by the current evaluator remain active, but a documented secondary CA-7 deficiency remains; this matches PARTIALLY_COMPLIANT / MODERATE."
TC-042,tc042_ca_assessment_authorization_and_monitoring_ca_9_with_criti.json,CA,"Assessment, Authorization, and Monitoring",CA-9,NON_COMPLIANT,CRITICAL,critical_override,"synthetic, rubric-aligned, NIST-family-grounded","The scenario contains an explicit current-production 'publicly accessible database' condition, one of the current evaluator's enumerated NON_COMPLIANT / CRITICAL triggers."
TC-043,tc043_ca_assessment_authorization_and_monitoring_ca_2_with_criti.json,CA,"Assessment, Authorization, and Monitoring",CA-2,NON_COMPLIANT,CRITICAL,critical_override,"synthetic, rubric-aligned, NIST-family-grounded","The scenario contains an explicit current-production 'unencrypted credentials in S3' condition, one of the current evaluator's enumerated NON_COMPLIANT / CRITICAL triggers."
TC-044,tc044_cm_configuration_management_cm_2_fully_implemented.json,CM,Configuration Management,CM-2,COMPLIANT,LOW,positive_evidence,"synthetic, rubric-aligned, NIST-family-grounded","All four explicit low-risk rubric signals are present (mTLS/TLS, customer-managed encryption, private access, hardware MFA), and the CM-2 evidence is affirmatively implemented."
TC-045,tc045_cm_configuration_management_cm_3_fully_implemented.json,CM,Configuration Management,CM-3,COMPLIANT,LOW,positive_evidence,"synthetic, rubric-aligned, NIST-family-grounded","All four explicit low-risk rubric signals are present (mTLS/TLS, customer-managed encryption, private access, hardware MFA), and the CM-3 evidence is affirmatively implemented."
TC-046,tc046_cm_configuration_management_cm_6_fully_implemented.json,CM,Configuration Management,CM-6,COMPLIANT,LOW,positive_evidence,"synthetic, rubric-aligned, NIST-family-grounded","All four explicit low-risk rubric signals are present (mTLS/TLS, customer-managed encryption, private access, hardware MFA), and the CM-6 evidence is affirmatively implemented."
TC-047,tc047_cm_configuration_management_cm_8_fully_implemented.json,CM,Configuration Management,CM-8,COMPLIANT,LOW,positive_evidence,"synthetic, rubric-aligned, NIST-family-grounded","All four explicit low-risk rubric signals are present (mTLS/TLS, customer-managed encryption, private access, hardware MFA), and the CM-8 evidence is affirmatively implemented."
TC-048,tc048_cm_configuration_management_cm_2_secondary_control_gap.json,CM,Configuration Management,CM-2,PARTIALLY_COMPLIANT,MODERATE,secondary_gap,"synthetic, rubric-aligned, NIST-family-grounded","Core protections required by the current evaluator remain active, but a documented secondary CM-2 deficiency remains; this matches PARTIALLY_COMPLIANT / MODERATE."
TC-049,tc049_cm_configuration_management_cm_3_secondary_control_gap.json,CM,Configuration Management,CM-3,PARTIALLY_COMPLIANT,MODERATE,secondary_gap,"synthetic, rubric-aligned, NIST-family-grounded","Core protections required by the current evaluator remain active, but a documented secondary CM-3 deficiency remains; this matches PARTIALLY_COMPLIANT / MODERATE."
TC-050,tc050_cm_configuration_management_cm_6_secondary_control_gap.json,CM,Configuration Management,CM-6,PARTIALLY_COMPLIANT,MODERATE,secondary_gap,"synthetic, rubric-aligned, NIST-family-grounded","Core protections required by the current evaluator remain active, but a documented secondary CM-6 deficiency remains; this matches PARTIALLY_COMPLIANT / MODERATE."
TC-051,tc051_cm_configuration_management_cm_8_secondary_control_gap.json,CM,Configuration Management,CM-8,PARTIALLY_COMPLIANT,MODERATE,secondary_gap,"synthetic, rubric-aligned, NIST-family-grounded","Core protections required by the current evaluator remain active, but a documented secondary CM-8 deficiency remains; this matches PARTIALLY_COMPLIANT / MODERATE."
TC-052,tc052_cm_configuration_management_cm_2_with_critical_cross_cutti.json,CM,Configuration Management,CM-2,NON_COMPLIANT,CRITICAL,adversarial_instruction_in_evidence,"synthetic, rubric-aligned, NIST-family-grounded","The scenario contains an explicit current-production 'missing administrator MFA' condition, one of the current evaluator's enumerated NON_COMPLIANT / CRITICAL triggers."
TC-053,tc053_cm_configuration_management_cm_3_with_critical_cross_cutti.json,CM,Configuration Management,CM-3,NON_COMPLIANT,CRITICAL,critical_override,"synthetic, rubric-aligned, NIST-family-grounded","The scenario contains an explicit current-production 'plaintext transport' condition, one of the current evaluator's enumerated NON_COMPLIANT / CRITICAL triggers."
TC-054,tc054_cp_contingency_planning_cp_4_fully_implemented.json,CP,Contingency Planning,CP-4,COMPLIANT,LOW,positive_evidence,"synthetic, rubric-aligned, NIST-family-grounded","All four explicit low-risk rubric signals are present (mTLS/TLS, customer-managed encryption, private access, hardware MFA), and the CP-4 evidence is affirmatively implemented."
TC-055,tc055_cp_contingency_planning_cp_9_fully_implemented.json,CP,Contingency Planning,CP-9,COMPLIANT,LOW,positive_evidence,"synthetic, rubric-aligned, NIST-family-grounded","All four explicit low-risk rubric signals are present (mTLS/TLS, customer-managed encryption, private access, hardware MFA), and the CP-9 evidence is affirmatively implemented."
TC-056,tc056_cp_contingency_planning_cp_10_fully_implemented.json,CP,Contingency Planning,CP-10,COMPLIANT,LOW,positive_evidence,"synthetic, rubric-aligned, NIST-family-grounded","All four explicit low-risk rubric signals are present (mTLS/TLS, customer-managed encryption, private access, hardware MFA), and the CP-10 evidence is affirmatively implemented."
TC-057,tc057_cp_contingency_planning_cp_2_fully_implemented.json,CP,Contingency Planning,CP-2,COMPLIANT,LOW,positive_evidence,"synthetic, rubric-aligned, NIST-family-grounded","All four explicit low-risk rubric signals are present (mTLS/TLS, customer-managed encryption, private access, hardware MFA), and the CP-2 evidence is affirmatively implemented."
TC-058,tc058_cp_contingency_planning_cp_4_secondary_control_gap.json,CP,Contingency Planning,CP-4,PARTIALLY_COMPLIANT,MODERATE,secondary_gap,"synthetic, rubric-aligned, NIST-family-grounded","Core protections required by the current evaluator remain active, but a documented secondary CP-4 deficiency remains; this matches PARTIALLY_COMPLIANT / MODERATE."
TC-059,tc059_cp_contingency_planning_cp_9_secondary_control_gap.json,CP,Contingency Planning,CP-9,PARTIALLY_COMPLIANT,MODERATE,secondary_gap,"synthetic, rubric-aligned, NIST-family-grounded","Core protections required by the current evaluator remain active, but a documented secondary CP-9 deficiency remains; this matches PARTIALLY_COMPLIANT / MODERATE."
TC-060,tc060_cp_contingency_planning_cp_10_secondary_control_gap.json,CP,Contingency Planning,CP-10,PARTIALLY_COMPLIANT,MODERATE,secondary_gap,"synthetic, rubric-aligned, NIST-family-grounded","Core protections required by the current evaluator remain active, but a documented secondary CP-10 deficiency remains; this matches PARTIALLY_COMPLIANT / MODERATE."
TC-061,tc061_cp_contingency_planning_cp_2_secondary_control_gap.json,CP,Contingency Planning,CP-2,PARTIALLY_COMPLIANT,MODERATE,secondary_gap,"synthetic, rubric-aligned, NIST-family-grounded","Core protections required by the current evaluator remain active, but a documented secondary CP-2 deficiency remains; this matches PARTIALLY_COMPLIANT / MODERATE."
TC-062,tc062_cp_contingency_planning_cp_4_with_critical_cross_cutting_f.json,CP,Contingency Planning,CP-4,NON_COMPLIANT,CRITICAL,critical_override,"synthetic, rubric-aligned, NIST-family-grounded","The scenario contains an explicit current-production 'unencrypted credentials in S3' condition, one of the current evaluator's enumerated NON_COMPLIANT / CRITICAL triggers."
TC-063,tc063_cp_contingency_planning_cp_9_with_critical_cross_cutting_f.json,CP,Contingency Planning,CP-9,NON_COMPLIANT,CRITICAL,critical_override,"synthetic, rubric-aligned, NIST-family-grounded","The scenario contains an explicit current-production 'publicly accessible database' condition, one of the current evaluator's enumerated NON_COMPLIANT / CRITICAL triggers."
TC-064,tc064_ia_identification_and_authentication_ia_5_fully_implemente.json,IA,Identification and Authentication,IA-5,COMPLIANT,LOW,positive_evidence,"synthetic, rubric-aligned, NIST-family-grounded","All four explicit low-risk rubric signals are present (mTLS/TLS, customer-managed encryption, private access, hardware MFA), and the IA-5 evidence is affirmatively implemented."
TC-065,tc065_ia_identification_and_authentication_ia_8_fully_implemente.json,IA,Identification and Authentication,IA-8,COMPLIANT,LOW,positive_evidence,"synthetic, rubric-aligned, NIST-family-grounded","All four explicit low-risk rubric signals are present (mTLS/TLS, customer-managed encryption, private access, hardware MFA), and the IA-8 evidence is affirmatively implemented."
TC-066,tc066_ia_identification_and_authentication_ia_2_fully_implemente.json,IA,Identification and Authentication,IA-2,COMPLIANT,LOW,positive_evidence,"synthetic, rubric-aligned, NIST-family-grounded","All four explicit low-risk rubric signals are present (mTLS/TLS, customer-managed encryption, private access, hardware MFA), and the IA-2 evidence is affirmatively implemented."
TC-067,tc067_ia_identification_and_authentication_ia_3_fully_implemente.json,IA,Identification and Authentication,IA-3,COMPLIANT,LOW,positive_evidence,"synthetic, rubric-aligned, NIST-family-grounded","All four explicit low-risk rubric signals are present (mTLS/TLS, customer-managed encryption, private access, hardware MFA), and the IA-3 evidence is affirmatively implemented."
TC-068,tc068_ia_identification_and_authentication_ia_5_secondary_contro.json,IA,Identification and Authentication,IA-5,PARTIALLY_COMPLIANT,MODERATE,secondary_gap,"synthetic, rubric-aligned, NIST-family-grounded","Core protections required by the current evaluator remain active, but a documented secondary IA-5 deficiency remains; this matches PARTIALLY_COMPLIANT / MODERATE."
TC-069,tc069_ia_identification_and_authentication_ia_8_secondary_contro.json,IA,Identification and Authentication,IA-8,PARTIALLY_COMPLIANT,MODERATE,secondary_gap,"synthetic, rubric-aligned, NIST-family-grounded","Core protections required by the current evaluator remain active, but a documented secondary IA-8 deficiency remains; this matches PARTIALLY_COMPLIANT / MODERATE."
TC-070,tc070_ia_identification_and_authentication_ia_2_secondary_contro.json,IA,Identification and Authentication,IA-2,PARTIALLY_COMPLIANT,MODERATE,secondary_gap,"synthetic, rubric-aligned, NIST-family-grounded","Core protections required by the current evaluator remain active, but a documented secondary IA-2 deficiency remains; this matches PARTIALLY_COMPLIANT / MODERATE."
TC-071,tc071_ia_identification_and_authentication_ia_3_secondary_contro.json,IA,Identification and Authentication,IA-3,PARTIALLY_COMPLIANT,MODERATE,secondary_gap,"synthetic, rubric-aligned, NIST-family-grounded","Core protections required by the current evaluator remain active, but a documented secondary IA-3 deficiency remains; this matches PARTIALLY_COMPLIANT / MODERATE."
TC-072,tc072_ia_identification_and_authentication_ia_5_with_critical_cr.json,IA,Identification and Authentication,IA-5,NON_COMPLIANT,CRITICAL,adversarial_instruction_in_evidence,"synthetic, rubric-aligned, NIST-family-grounded","The scenario contains an explicit current-production 'plaintext transport' condition, one of the current evaluator's enumerated NON_COMPLIANT / CRITICAL triggers."
TC-073,tc073_ia_identification_and_authentication_ia_8_with_critical_cr.json,IA,Identification and Authentication,IA-8,NON_COMPLIANT,CRITICAL,critical_override,"synthetic, rubric-aligned, NIST-family-grounded","The scenario contains an explicit current-production 'missing administrator MFA' condition, one of the current evaluator's enumerated NON_COMPLIANT / CRITICAL triggers."
TC-074,tc074_ir_incident_response_ir_6_fully_implemented.json,IR,Incident Response,IR-6,COMPLIANT,LOW,positive_evidence,"synthetic, rubric-aligned, NIST-family-grounded","All four explicit low-risk rubric signals are present (mTLS/TLS, customer-managed encryption, private access, hardware MFA), and the IR-6 evidence is affirmatively implemented."
TC-075,tc075_ir_incident_response_ir_3_fully_implemented.json,IR,Incident Response,IR-3,COMPLIANT,LOW,positive_evidence,"synthetic, rubric-aligned, NIST-family-grounded","All four explicit low-risk rubric signals are present (mTLS/TLS, customer-managed encryption, private access, hardware MFA), and the IR-3 evidence is affirmatively implemented."
TC-076,tc076_ir_incident_response_ir_4_fully_implemented.json,IR,Incident Response,IR-4,COMPLIANT,LOW,positive_evidence,"synthetic, rubric-aligned, NIST-family-grounded","All four explicit low-risk rubric signals are present (mTLS/TLS, customer-managed encryption, private access, hardware MFA), and the IR-4 evidence is affirmatively implemented."
TC-077,tc077_ir_incident_response_ir_5_fully_implemented.json,IR,Incident Response,IR-5,COMPLIANT,LOW,positive_evidence,"synthetic, rubric-aligned, NIST-family-grounded","All four explicit low-risk rubric signals are present (mTLS/TLS, customer-managed encryption, private access, hardware MFA), and the IR-5 evidence is affirmatively implemented."
TC-078,tc078_ir_incident_response_ir_6_secondary_control_gap.json,IR,Incident Response,IR-6,PARTIALLY_COMPLIANT,MODERATE,secondary_gap,"synthetic, rubric-aligned, NIST-family-grounded","Core protections required by the current evaluator remain active, but a documented secondary IR-6 deficiency remains; this matches PARTIALLY_COMPLIANT / MODERATE."
TC-079,tc079_ir_incident_response_ir_3_secondary_control_gap.json,IR,Incident Response,IR-3,PARTIALLY_COMPLIANT,MODERATE,secondary_gap,"synthetic, rubric-aligned, NIST-family-grounded","Core protections required by the current evaluator remain active, but a documented secondary IR-3 deficiency remains; this matches PARTIALLY_COMPLIANT / MODERATE."
TC-080,tc080_ir_incident_response_ir_4_secondary_control_gap.json,IR,Incident Response,IR-4,PARTIALLY_COMPLIANT,MODERATE,secondary_gap,"synthetic, rubric-aligned, NIST-family-grounded","Core protections required by the current evaluator remain active, but a documented secondary IR-4 deficiency remains; this matches PARTIALLY_COMPLIANT / MODERATE."
TC-081,tc081_ir_incident_response_ir_5_secondary_control_gap.json,IR,Incident Response,IR-5,PARTIALLY_COMPLIANT,MODERATE,secondary_gap,"synthetic, rubric-aligned, NIST-family-grounded","Core protections required by the current evaluator remain active, but a documented secondary IR-5 deficiency remains; this matches PARTIALLY_COMPLIANT / MODERATE."
TC-082,tc082_ir_incident_response_ir_6_with_critical_cross_cutting_fail.json,IR,Incident Response,IR-6,NON_COMPLIANT,CRITICAL,critical_override,"synthetic, rubric-aligned, NIST-family-grounded","The scenario contains an explicit current-production 'publicly accessible database' condition, one of the current evaluator's enumerated NON_COMPLIANT / CRITICAL triggers."
TC-083,tc083_ir_incident_response_ir_3_with_critical_cross_cutting_fail.json,IR,Incident Response,IR-3,NON_COMPLIANT,CRITICAL,critical_override,"synthetic, rubric-aligned, NIST-family-grounded","The scenario contains an explicit current-production 'unencrypted credentials in S3' condition, one of the current evaluator's enumerated NON_COMPLIANT / CRITICAL triggers."
TC-084,tc084_ma_maintenance_ma_2_fully_implemented.json,MA,Maintenance,MA-2,COMPLIANT,LOW,positive_evidence,"synthetic, rubric-aligned, NIST-family-grounded","All four explicit low-risk rubric signals are present (mTLS/TLS, customer-managed encryption, private access, hardware MFA), and the MA-2 evidence is affirmatively implemented."
TC-085,tc085_ma_maintenance_ma_3_fully_implemented.json,MA,Maintenance,MA-3,COMPLIANT,LOW,positive_evidence,"synthetic, rubric-aligned, NIST-family-grounded","All four explicit low-risk rubric signals are present (mTLS/TLS, customer-managed encryption, private access, hardware MFA), and the MA-3 evidence is affirmatively implemented."
TC-086,tc086_ma_maintenance_ma_4_fully_implemented.json,MA,Maintenance,MA-4,COMPLIANT,LOW,positive_evidence,"synthetic, rubric-aligned, NIST-family-grounded","All four explicit low-risk rubric signals are present (mTLS/TLS, customer-managed encryption, private access, hardware MFA), and the MA-4 evidence is affirmatively implemented."
TC-087,tc087_ma_maintenance_ma_5_fully_implemented.json,MA,Maintenance,MA-5,COMPLIANT,LOW,positive_evidence,"synthetic, rubric-aligned, NIST-family-grounded","All four explicit low-risk rubric signals are present (mTLS/TLS, customer-managed encryption, private access, hardware MFA), and the MA-5 evidence is affirmatively implemented."
TC-088,tc088_ma_maintenance_ma_2_secondary_control_gap.json,MA,Maintenance,MA-2,PARTIALLY_COMPLIANT,MODERATE,secondary_gap,"synthetic, rubric-aligned, NIST-family-grounded","Core protections required by the current evaluator remain active, but a documented secondary MA-2 deficiency remains; this matches PARTIALLY_COMPLIANT / MODERATE."
TC-089,tc089_ma_maintenance_ma_3_secondary_control_gap.json,MA,Maintenance,MA-3,PARTIALLY_COMPLIANT,MODERATE,secondary_gap,"synthetic, rubric-aligned, NIST-family-grounded","Core protections required by the current evaluator remain active, but a documented secondary MA-3 deficiency remains; this matches PARTIALLY_COMPLIANT / MODERATE."
TC-090,tc090_ma_maintenance_ma_4_secondary_control_gap.json,MA,Maintenance,MA-4,PARTIALLY_COMPLIANT,MODERATE,secondary_gap,"synthetic, rubric-aligned, NIST-family-grounded","Core protections required by the current evaluator remain active, but a documented secondary MA-4 deficiency remains; this matches PARTIALLY_COMPLIANT / MODERATE."
TC-091,tc091_ma_maintenance_ma_5_secondary_control_gap.json,MA,Maintenance,MA-5,PARTIALLY_COMPLIANT,MODERATE,secondary_gap,"synthetic, rubric-aligned, NIST-family-grounded","Core protections required by the current evaluator remain active, but a documented secondary MA-5 deficiency remains; this matches PARTIALLY_COMPLIANT / MODERATE."
TC-092,tc092_ma_maintenance_ma_2_with_critical_cross_cutting_failure.json,MA,Maintenance,MA-2,NON_COMPLIANT,CRITICAL,adversarial_instruction_in_evidence,"synthetic, rubric-aligned, NIST-family-grounded","The scenario contains an explicit current-production 'missing administrator MFA' condition, one of the current evaluator's enumerated NON_COMPLIANT / CRITICAL triggers."
TC-093,tc093_ma_maintenance_ma_3_with_critical_cross_cutting_failure.json,MA,Maintenance,MA-3,NON_COMPLIANT,CRITICAL,critical_override,"synthetic, rubric-aligned, NIST-family-grounded","The scenario contains an explicit current-production 'plaintext transport' condition, one of the current evaluator's enumerated NON_COMPLIANT / CRITICAL triggers."
TC-094,tc094_mp_media_protection_mp_4_fully_implemented.json,MP,Media Protection,MP-4,COMPLIANT,LOW,positive_evidence,"synthetic, rubric-aligned, NIST-family-grounded","All four explicit low-risk rubric signals are present (mTLS/TLS, customer-managed encryption, private access, hardware MFA), and the MP-4 evidence is affirmatively implemented."
TC-095,tc095_mp_media_protection_mp_5_fully_implemented.json,MP,Media Protection,MP-5,COMPLIANT,LOW,positive_evidence,"synthetic, rubric-aligned, NIST-family-grounded","All four explicit low-risk rubric signals are present (mTLS/TLS, customer-managed encryption, private access, hardware MFA), and the MP-5 evidence is affirmatively implemented."
TC-096,tc096_mp_media_protection_mp_6_fully_implemented.json,MP,Media Protection,MP-6,COMPLIANT,LOW,positive_evidence,"synthetic, rubric-aligned, NIST-family-grounded","All four explicit low-risk rubric signals are present (mTLS/TLS, customer-managed encryption, private access, hardware MFA), and the MP-6 evidence is affirmatively implemented."
TC-097,tc097_mp_media_protection_mp_2_fully_implemented.json,MP,Media Protection,MP-2,COMPLIANT,LOW,positive_evidence,"synthetic, rubric-aligned, NIST-family-grounded","All four explicit low-risk rubric signals are present (mTLS/TLS, customer-managed encryption, private access, hardware MFA), and the MP-2 evidence is affirmatively implemented."
TC-098,tc098_mp_media_protection_mp_4_secondary_control_gap.json,MP,Media Protection,MP-4,PARTIALLY_COMPLIANT,MODERATE,secondary_gap,"synthetic, rubric-aligned, NIST-family-grounded","Core protections required by the current evaluator remain active, but a documented secondary MP-4 deficiency remains; this matches PARTIALLY_COMPLIANT / MODERATE."
TC-099,tc099_mp_media_protection_mp_5_secondary_control_gap.json,MP,Media Protection,MP-5,PARTIALLY_COMPLIANT,MODERATE,secondary_gap,"synthetic, rubric-aligned, NIST-family-grounded","Core protections required by the current evaluator remain active, but a documented secondary MP-5 deficiency remains; this matches PARTIALLY_COMPLIANT / MODERATE."
TC-100,tc100_mp_media_protection_mp_6_secondary_control_gap.json,MP,Media Protection,MP-6,PARTIALLY_COMPLIANT,MODERATE,secondary_gap,"synthetic, rubric-aligned, NIST-family-grounded","Core protections required by the current evaluator remain active, but a documented secondary MP-6 deficiency remains; this matches PARTIALLY_COMPLIANT / MODERATE."
TC-101,tc101_mp_media_protection_mp_2_secondary_control_gap.json,MP,Media Protection,MP-2,PARTIALLY_COMPLIANT,MODERATE,secondary_gap,"synthetic, rubric-aligned, NIST-family-grounded","Core protections required by the current evaluator remain active, but a documented secondary MP-2 deficiency remains; this matches PARTIALLY_COMPLIANT / MODERATE."
TC-102,tc102_mp_media_protection_mp_4_with_critical_cross_cutting_failu.json,MP,Media Protection,MP-4,NON_COMPLIANT,CRITICAL,critical_override,"synthetic, rubric-aligned, NIST-family-grounded","The scenario contains an explicit current-production 'unencrypted credentials in S3' condition, one of the current evaluator's enumerated NON_COMPLIANT / CRITICAL triggers."
TC-103,tc103_mp_media_protection_mp_5_with_critical_cross_cutting_failu.json,MP,Media Protection,MP-5,NON_COMPLIANT,CRITICAL,critical_override,"synthetic, rubric-aligned, NIST-family-grounded","The scenario contains an explicit current-production 'publicly accessible database' condition, one of the current evaluator's enumerated NON_COMPLIANT / CRITICAL triggers."
TC-104,tc104_pe_physical_and_environmental_protection_pe_6_fully_implem.json,PE,Physical and Environmental Protection,PE-6,COMPLIANT,LOW,positive_evidence,"synthetic, rubric-aligned, NIST-family-grounded","All four explicit low-risk rubric signals are present (mTLS/TLS, customer-managed encryption, private access, hardware MFA), and the PE-6 evidence is affirmatively implemented."
TC-105,tc105_pe_physical_and_environmental_protection_pe_8_fully_implem.json,PE,Physical and Environmental Protection,PE-8,COMPLIANT,LOW,positive_evidence,"synthetic, rubric-aligned, NIST-family-grounded","All four explicit low-risk rubric signals are present (mTLS/TLS, customer-managed encryption, private access, hardware MFA), and the PE-8 evidence is affirmatively implemented."
TC-106,tc106_pe_physical_and_environmental_protection_pe_2_fully_implem.json,PE,Physical and Environmental Protection,PE-2,COMPLIANT,LOW,positive_evidence,"synthetic, rubric-aligned, NIST-family-grounded","All four explicit low-risk rubric signals are present (mTLS/TLS, customer-managed encryption, private access, hardware MFA), and the PE-2 evidence is affirmatively implemented."
TC-107,tc107_pe_physical_and_environmental_protection_pe_3_fully_implem.json,PE,Physical and Environmental Protection,PE-3,COMPLIANT,LOW,positive_evidence,"synthetic, rubric-aligned, NIST-family-grounded","All four explicit low-risk rubric signals are present (mTLS/TLS, customer-managed encryption, private access, hardware MFA), and the PE-3 evidence is affirmatively implemented."
TC-108,tc108_pe_physical_and_environmental_protection_pe_6_secondary_co.json,PE,Physical and Environmental Protection,PE-6,PARTIALLY_COMPLIANT,MODERATE,secondary_gap,"synthetic, rubric-aligned, NIST-family-grounded","Core protections required by the current evaluator remain active, but a documented secondary PE-6 deficiency remains; this matches PARTIALLY_COMPLIANT / MODERATE."
TC-109,tc109_pe_physical_and_environmental_protection_pe_8_secondary_co.json,PE,Physical and Environmental Protection,PE-8,PARTIALLY_COMPLIANT,MODERATE,secondary_gap,"synthetic, rubric-aligned, NIST-family-grounded","Core protections required by the current evaluator remain active, but a documented secondary PE-8 deficiency remains; this matches PARTIALLY_COMPLIANT / MODERATE."
TC-110,tc110_pe_physical_and_environmental_protection_pe_2_secondary_co.json,PE,Physical and Environmental Protection,PE-2,PARTIALLY_COMPLIANT,MODERATE,secondary_gap,"synthetic, rubric-aligned, NIST-family-grounded","Core protections required by the current evaluator remain active, but a documented secondary PE-2 deficiency remains; this matches PARTIALLY_COMPLIANT / MODERATE."
TC-111,tc111_pe_physical_and_environmental_protection_pe_3_secondary_co.json,PE,Physical and Environmental Protection,PE-3,PARTIALLY_COMPLIANT,MODERATE,secondary_gap,"synthetic, rubric-aligned, NIST-family-grounded","Core protections required by the current evaluator remain active, but a documented secondary PE-3 deficiency remains; this matches PARTIALLY_COMPLIANT / MODERATE."
TC-112,tc112_pe_physical_and_environmental_protection_pe_6_with_critica.json,PE,Physical and Environmental Protection,PE-6,NON_COMPLIANT,CRITICAL,adversarial_instruction_in_evidence,"synthetic, rubric-aligned, NIST-family-grounded","The scenario contains an explicit current-production 'plaintext transport' condition, one of the current evaluator's enumerated NON_COMPLIANT / CRITICAL triggers."
TC-113,tc113_pe_physical_and_environmental_protection_pe_8_with_critica.json,PE,Physical and Environmental Protection,PE-8,NON_COMPLIANT,CRITICAL,critical_override,"synthetic, rubric-aligned, NIST-family-grounded","The scenario contains an explicit current-production 'missing administrator MFA' condition, one of the current evaluator's enumerated NON_COMPLIANT / CRITICAL triggers."
TC-114,tc114_pl_planning_pl_10_fully_implemented.json,PL,Planning,PL-10,COMPLIANT,LOW,positive_evidence,"synthetic, rubric-aligned, NIST-family-grounded","All four explicit low-risk rubric signals are present (mTLS/TLS, customer-managed encryption, private access, hardware MFA), and the PL-10 evidence is affirmatively implemented."
TC-115,tc115_pl_planning_pl_2_fully_implemented.json,PL,Planning,PL-2,COMPLIANT,LOW,positive_evidence,"synthetic, rubric-aligned, NIST-family-grounded","All four explicit low-risk rubric signals are present (mTLS/TLS, customer-managed encryption, private access, hardware MFA), and the PL-2 evidence is affirmatively implemented."
TC-116,tc116_pl_planning_pl_4_fully_implemented.json,PL,Planning,PL-4,COMPLIANT,LOW,positive_evidence,"synthetic, rubric-aligned, NIST-family-grounded","All four explicit low-risk rubric signals are present (mTLS/TLS, customer-managed encryption, private access, hardware MFA), and the PL-4 evidence is affirmatively implemented."
TC-117,tc117_pl_planning_pl_8_fully_implemented.json,PL,Planning,PL-8,COMPLIANT,LOW,positive_evidence,"synthetic, rubric-aligned, NIST-family-grounded","All four explicit low-risk rubric signals are present (mTLS/TLS, customer-managed encryption, private access, hardware MFA), and the PL-8 evidence is affirmatively implemented."
TC-118,tc118_pl_planning_pl_10_secondary_control_gap.json,PL,Planning,PL-10,PARTIALLY_COMPLIANT,MODERATE,secondary_gap,"synthetic, rubric-aligned, NIST-family-grounded","Core protections required by the current evaluator remain active, but a documented secondary PL-10 deficiency remains; this matches PARTIALLY_COMPLIANT / MODERATE."
TC-119,tc119_pl_planning_pl_2_secondary_control_gap.json,PL,Planning,PL-2,PARTIALLY_COMPLIANT,MODERATE,secondary_gap,"synthetic, rubric-aligned, NIST-family-grounded","Core protections required by the current evaluator remain active, but a documented secondary PL-2 deficiency remains; this matches PARTIALLY_COMPLIANT / MODERATE."
TC-120,tc120_pl_planning_pl_4_secondary_control_gap.json,PL,Planning,PL-4,PARTIALLY_COMPLIANT,MODERATE,secondary_gap,"synthetic, rubric-aligned, NIST-family-grounded","Core protections required by the current evaluator remain active, but a documented secondary PL-4 deficiency remains; this matches PARTIALLY_COMPLIANT / MODERATE."
TC-121,tc121_pl_planning_pl_8_secondary_control_gap.json,PL,Planning,PL-8,PARTIALLY_COMPLIANT,MODERATE,secondary_gap,"synthetic, rubric-aligned, NIST-family-grounded","Core protections required by the current evaluator remain active, but a documented secondary PL-8 deficiency remains; this matches PARTIALLY_COMPLIANT / MODERATE."
TC-122,tc122_pl_planning_pl_10_with_critical_cross_cutting_failure.json,PL,Planning,PL-10,NON_COMPLIANT,CRITICAL,critical_override,"synthetic, rubric-aligned, NIST-family-grounded","The scenario contains an explicit current-production 'publicly accessible database' condition, one of the current evaluator's enumerated NON_COMPLIANT / CRITICAL triggers."
TC-123,tc123_pl_planning_pl_2_with_critical_cross_cutting_failure.json,PL,Planning,PL-2,NON_COMPLIANT,CRITICAL,critical_override,"synthetic, rubric-aligned, NIST-family-grounded","The scenario contains an explicit current-production 'unencrypted credentials in S3' condition, one of the current evaluator's enumerated NON_COMPLIANT / CRITICAL triggers."
TC-124,tc124_pm_program_management_pm_4_fully_implemented.json,PM,Program Management,PM-4,COMPLIANT,LOW,positive_evidence,"synthetic, rubric-aligned, NIST-family-grounded","All four explicit low-risk rubric signals are present (mTLS/TLS, customer-managed encryption, private access, hardware MFA), and the PM-4 evidence is affirmatively implemented."
TC-125,tc125_pm_program_management_pm_5_fully_implemented.json,PM,Program Management,PM-5,COMPLIANT,LOW,positive_evidence,"synthetic, rubric-aligned, NIST-family-grounded","All four explicit low-risk rubric signals are present (mTLS/TLS, customer-managed encryption, private access, hardware MFA), and the PM-5 evidence is affirmatively implemented."
TC-126,tc126_pm_program_management_pm_9_fully_implemented.json,PM,Program Management,PM-9,COMPLIANT,LOW,positive_evidence,"synthetic, rubric-aligned, NIST-family-grounded","All four explicit low-risk rubric signals are present (mTLS/TLS, customer-managed encryption, private access, hardware MFA), and the PM-9 evidence is affirmatively implemented."
TC-127,tc127_pm_program_management_pm_10_fully_implemented.json,PM,Program Management,PM-10,COMPLIANT,LOW,positive_evidence,"synthetic, rubric-aligned, NIST-family-grounded","All four explicit low-risk rubric signals are present (mTLS/TLS, customer-managed encryption, private access, hardware MFA), and the PM-10 evidence is affirmatively implemented."
TC-128,tc128_pm_program_management_pm_4_secondary_control_gap.json,PM,Program Management,PM-4,PARTIALLY_COMPLIANT,MODERATE,secondary_gap,"synthetic, rubric-aligned, NIST-family-grounded","Core protections required by the current evaluator remain active, but a documented secondary PM-4 deficiency remains; this matches PARTIALLY_COMPLIANT / MODERATE."
TC-129,tc129_pm_program_management_pm_5_secondary_control_gap.json,PM,Program Management,PM-5,PARTIALLY_COMPLIANT,MODERATE,secondary_gap,"synthetic, rubric-aligned, NIST-family-grounded","Core protections required by the current evaluator remain active, but a documented secondary PM-5 deficiency remains; this matches PARTIALLY_COMPLIANT / MODERATE."
TC-130,tc130_pm_program_management_pm_9_secondary_control_gap.json,PM,Program Management,PM-9,PARTIALLY_COMPLIANT,MODERATE,secondary_gap,"synthetic, rubric-aligned, NIST-family-grounded","Core protections required by the current evaluator remain active, but a documented secondary PM-9 deficiency remains; this matches PARTIALLY_COMPLIANT / MODERATE."
TC-131,tc131_pm_program_management_pm_10_secondary_control_gap.json,PM,Program Management,PM-10,PARTIALLY_COMPLIANT,MODERATE,secondary_gap,"synthetic, rubric-aligned, NIST-family-grounded","Core protections required by the current evaluator remain active, but a documented secondary PM-10 deficiency remains; this matches PARTIALLY_COMPLIANT / MODERATE."
TC-132,tc132_pm_program_management_pm_4_with_critical_cross_cutting_fai.json,PM,Program Management,PM-4,NON_COMPLIANT,CRITICAL,adversarial_instruction_in_evidence,"synthetic, rubric-aligned, NIST-family-grounded","The scenario contains an explicit current-production 'missing administrator MFA' condition, one of the current evaluator's enumerated NON_COMPLIANT / CRITICAL triggers."
TC-133,tc133_pm_program_management_pm_5_with_critical_cross_cutting_fai.json,PM,Program Management,PM-5,NON_COMPLIANT,CRITICAL,critical_override,"synthetic, rubric-aligned, NIST-family-grounded","The scenario contains an explicit current-production 'plaintext transport' condition, one of the current evaluator's enumerated NON_COMPLIANT / CRITICAL triggers."
TC-134,tc134_ps_personnel_security_ps_3_fully_implemented.json,PS,Personnel Security,PS-3,COMPLIANT,LOW,positive_evidence,"synthetic, rubric-aligned, NIST-family-grounded","All four explicit low-risk rubric signals are present (mTLS/TLS, customer-managed encryption, private access, hardware MFA), and the PS-3 evidence is affirmatively implemented."
TC-135,tc135_ps_personnel_security_ps_4_fully_implemented.json,PS,Personnel Security,PS-4,COMPLIANT,LOW,positive_evidence,"synthetic, rubric-aligned, NIST-family-grounded","All four explicit low-risk rubric signals are present (mTLS/TLS, customer-managed encryption, private access, hardware MFA), and the PS-4 evidence is affirmatively implemented."
TC-136,tc136_ps_personnel_security_ps_5_fully_implemented.json,PS,Personnel Security,PS-5,COMPLIANT,LOW,positive_evidence,"synthetic, rubric-aligned, NIST-family-grounded","All four explicit low-risk rubric signals are present (mTLS/TLS, customer-managed encryption, private access, hardware MFA), and the PS-5 evidence is affirmatively implemented."
TC-137,tc137_ps_personnel_security_ps_2_fully_implemented.json,PS,Personnel Security,PS-2,COMPLIANT,LOW,positive_evidence,"synthetic, rubric-aligned, NIST-family-grounded","All four explicit low-risk rubric signals are present (mTLS/TLS, customer-managed encryption, private access, hardware MFA), and the PS-2 evidence is affirmatively implemented."
TC-138,tc138_ps_personnel_security_ps_3_secondary_control_gap.json,PS,Personnel Security,PS-3,PARTIALLY_COMPLIANT,MODERATE,secondary_gap,"synthetic, rubric-aligned, NIST-family-grounded","Core protections required by the current evaluator remain active, but a documented secondary PS-3 deficiency remains; this matches PARTIALLY_COMPLIANT / MODERATE."
TC-139,tc139_ps_personnel_security_ps_4_secondary_control_gap.json,PS,Personnel Security,PS-4,PARTIALLY_COMPLIANT,MODERATE,secondary_gap,"synthetic, rubric-aligned, NIST-family-grounded","Core protections required by the current evaluator remain active, but a documented secondary PS-4 deficiency remains; this matches PARTIALLY_COMPLIANT / MODERATE."
TC-140,tc140_ps_personnel_security_ps_5_secondary_control_gap.json,PS,Personnel Security,PS-5,PARTIALLY_COMPLIANT,MODERATE,secondary_gap,"synthetic, rubric-aligned, NIST-family-grounded","Core protections required by the current evaluator remain active, but a documented secondary PS-5 deficiency remains; this matches PARTIALLY_COMPLIANT / MODERATE."
TC-141,tc141_ps_personnel_security_ps_2_secondary_control_gap.json,PS,Personnel Security,PS-2,PARTIALLY_COMPLIANT,MODERATE,secondary_gap,"synthetic, rubric-aligned, NIST-family-grounded","Core protections required by the current evaluator remain active, but a documented secondary PS-2 deficiency remains; this matches PARTIALLY_COMPLIANT / MODERATE."
TC-142,tc142_ps_personnel_security_ps_3_with_critical_cross_cutting_fai.json,PS,Personnel Security,PS-3,NON_COMPLIANT,CRITICAL,critical_override,"synthetic, rubric-aligned, NIST-family-grounded","The scenario contains an explicit current-production 'unencrypted credentials in S3' condition, one of the current evaluator's enumerated NON_COMPLIANT / CRITICAL triggers."
TC-143,tc143_ps_personnel_security_ps_4_with_critical_cross_cutting_fai.json,PS,Personnel Security,PS-4,NON_COMPLIANT,CRITICAL,critical_override,"synthetic, rubric-aligned, NIST-family-grounded","The scenario contains an explicit current-production 'publicly accessible database' condition, one of the current evaluator's enumerated NON_COMPLIANT / CRITICAL triggers."
TC-144,tc144_pt_pii_processing_and_transparency_pt_4_fully_implemented.json,PT,PII Processing and Transparency,PT-4,COMPLIANT,LOW,positive_evidence,"synthetic, rubric-aligned, NIST-family-grounded","All four explicit low-risk rubric signals are present (mTLS/TLS, customer-managed encryption, private access, hardware MFA), and the PT-4 evidence is affirmatively implemented."
TC-145,tc145_pt_pii_processing_and_transparency_pt_5_fully_implemented.json,PT,PII Processing and Transparency,PT-5,COMPLIANT,LOW,positive_evidence,"synthetic, rubric-aligned, NIST-family-grounded","All four explicit low-risk rubric signals are present (mTLS/TLS, customer-managed encryption, private access, hardware MFA), and the PT-5 evidence is affirmatively implemented."
TC-146,tc146_pt_pii_processing_and_transparency_pt_2_fully_implemented.json,PT,PII Processing and Transparency,PT-2,COMPLIANT,LOW,positive_evidence,"synthetic, rubric-aligned, NIST-family-grounded","All four explicit low-risk rubric signals are present (mTLS/TLS, customer-managed encryption, private access, hardware MFA), and the PT-2 evidence is affirmatively implemented."
TC-147,tc147_pt_pii_processing_and_transparency_pt_3_fully_implemented.json,PT,PII Processing and Transparency,PT-3,COMPLIANT,LOW,positive_evidence,"synthetic, rubric-aligned, NIST-family-grounded","All four explicit low-risk rubric signals are present (mTLS/TLS, customer-managed encryption, private access, hardware MFA), and the PT-3 evidence is affirmatively implemented."
TC-148,tc148_pt_pii_processing_and_transparency_pt_4_secondary_control_.json,PT,PII Processing and Transparency,PT-4,PARTIALLY_COMPLIANT,MODERATE,secondary_gap,"synthetic, rubric-aligned, NIST-family-grounded","Core protections required by the current evaluator remain active, but a documented secondary PT-4 deficiency remains; this matches PARTIALLY_COMPLIANT / MODERATE."
TC-149,tc149_pt_pii_processing_and_transparency_pt_5_secondary_control_.json,PT,PII Processing and Transparency,PT-5,PARTIALLY_COMPLIANT,MODERATE,secondary_gap,"synthetic, rubric-aligned, NIST-family-grounded","Core protections required by the current evaluator remain active, but a documented secondary PT-5 deficiency remains; this matches PARTIALLY_COMPLIANT / MODERATE."
TC-150,tc150_pt_pii_processing_and_transparency_pt_2_secondary_control_.json,PT,PII Processing and Transparency,PT-2,PARTIALLY_COMPLIANT,MODERATE,secondary_gap,"synthetic, rubric-aligned, NIST-family-grounded","Core protections required by the current evaluator remain active, but a documented secondary PT-2 deficiency remains; this matches PARTIALLY_COMPLIANT / MODERATE."
TC-151,tc151_pt_pii_processing_and_transparency_pt_3_secondary_control_.json,PT,PII Processing and Transparency,PT-3,PARTIALLY_COMPLIANT,MODERATE,secondary_gap,"synthetic, rubric-aligned, NIST-family-grounded","Core protections required by the current evaluator remain active, but a documented secondary PT-3 deficiency remains; this matches PARTIALLY_COMPLIANT / MODERATE."
TC-152,tc152_pt_pii_processing_and_transparency_pt_4_with_critical_cros.json,PT,PII Processing and Transparency,PT-4,NON_COMPLIANT,CRITICAL,adversarial_instruction_in_evidence,"synthetic, rubric-aligned, NIST-family-grounded","The scenario contains an explicit current-production 'plaintext transport' condition, one of the current evaluator's enumerated NON_COMPLIANT / CRITICAL triggers."
TC-153,tc153_pt_pii_processing_and_transparency_pt_5_with_critical_cros.json,PT,PII Processing and Transparency,PT-5,NON_COMPLIANT,CRITICAL,critical_override,"synthetic, rubric-aligned, NIST-family-grounded","The scenario contains an explicit current-production 'missing administrator MFA' condition, one of the current evaluator's enumerated NON_COMPLIANT / CRITICAL triggers."
TC-154,tc154_ra_risk_assessment_ra_7_fully_implemented.json,RA,Risk Assessment,RA-7,COMPLIANT,LOW,positive_evidence,"synthetic, rubric-aligned, NIST-family-grounded","All four explicit low-risk rubric signals are present (mTLS/TLS, customer-managed encryption, private access, hardware MFA), and the RA-7 evidence is affirmatively implemented."
TC-155,tc155_ra_risk_assessment_ra_2_fully_implemented.json,RA,Risk Assessment,RA-2,COMPLIANT,LOW,positive_evidence,"synthetic, rubric-aligned, NIST-family-grounded","All four explicit low-risk rubric signals are present (mTLS/TLS, customer-managed encryption, private access, hardware MFA), and the RA-2 evidence is affirmatively implemented."
TC-156,tc156_ra_risk_assessment_ra_3_fully_implemented.json,RA,Risk Assessment,RA-3,COMPLIANT,LOW,positive_evidence,"synthetic, rubric-aligned, NIST-family-grounded","All four explicit low-risk rubric signals are present (mTLS/TLS, customer-managed encryption, private access, hardware MFA), and the RA-3 evidence is affirmatively implemented."
TC-157,tc157_ra_risk_assessment_ra_5_fully_implemented.json,RA,Risk Assessment,RA-5,COMPLIANT,LOW,positive_evidence,"synthetic, rubric-aligned, NIST-family-grounded","All four explicit low-risk rubric signals are present (mTLS/TLS, customer-managed encryption, private access, hardware MFA), and the RA-5 evidence is affirmatively implemented."
TC-158,tc158_ra_risk_assessment_ra_7_secondary_control_gap.json,RA,Risk Assessment,RA-7,PARTIALLY_COMPLIANT,MODERATE,secondary_gap,"synthetic, rubric-aligned, NIST-family-grounded","Core protections required by the current evaluator remain active, but a documented secondary RA-7 deficiency remains; this matches PARTIALLY_COMPLIANT / MODERATE."
TC-159,tc159_ra_risk_assessment_ra_2_secondary_control_gap.json,RA,Risk Assessment,RA-2,PARTIALLY_COMPLIANT,MODERATE,secondary_gap,"synthetic, rubric-aligned, NIST-family-grounded","Core protections required by the current evaluator remain active, but a documented secondary RA-2 deficiency remains; this matches PARTIALLY_COMPLIANT / MODERATE."
TC-160,tc160_ra_risk_assessment_ra_3_secondary_control_gap.json,RA,Risk Assessment,RA-3,PARTIALLY_COMPLIANT,MODERATE,secondary_gap,"synthetic, rubric-aligned, NIST-family-grounded","Core protections required by the current evaluator remain active, but a documented secondary RA-3 deficiency remains; this matches PARTIALLY_COMPLIANT / MODERATE."
TC-161,tc161_ra_risk_assessment_ra_5_secondary_control_gap.json,RA,Risk Assessment,RA-5,PARTIALLY_COMPLIANT,MODERATE,secondary_gap,"synthetic, rubric-aligned, NIST-family-grounded","Core protections required by the current evaluator remain active, but a documented secondary RA-5 deficiency remains; this matches PARTIALLY_COMPLIANT / MODERATE."
TC-162,tc162_ra_risk_assessment_ra_7_with_critical_cross_cutting_failur.json,RA,Risk Assessment,RA-7,NON_COMPLIANT,CRITICAL,critical_override,"synthetic, rubric-aligned, NIST-family-grounded","The scenario contains an explicit current-production 'publicly accessible database' condition, one of the current evaluator's enumerated NON_COMPLIANT / CRITICAL triggers."
TC-163,tc163_ra_risk_assessment_ra_2_with_critical_cross_cutting_failur.json,RA,Risk Assessment,RA-2,NON_COMPLIANT,CRITICAL,critical_override,"synthetic, rubric-aligned, NIST-family-grounded","The scenario contains an explicit current-production 'unencrypted credentials in S3' condition, one of the current evaluator's enumerated NON_COMPLIANT / CRITICAL triggers."
TC-164,tc164_sa_system_and_services_acquisition_sa_3_fully_implemented.json,SA,System and Services Acquisition,SA-3,COMPLIANT,LOW,positive_evidence,"synthetic, rubric-aligned, NIST-family-grounded","All four explicit low-risk rubric signals are present (mTLS/TLS, customer-managed encryption, private access, hardware MFA), and the SA-3 evidence is affirmatively implemented."
TC-165,tc165_sa_system_and_services_acquisition_sa_9_fully_implemented.json,SA,System and Services Acquisition,SA-9,COMPLIANT,LOW,positive_evidence,"synthetic, rubric-aligned, NIST-family-grounded","All four explicit low-risk rubric signals are present (mTLS/TLS, customer-managed encryption, private access, hardware MFA), and the SA-9 evidence is affirmatively implemented."
TC-166,tc166_sa_system_and_services_acquisition_sa_10_fully_implemented.json,SA,System and Services Acquisition,SA-10,COMPLIANT,LOW,positive_evidence,"synthetic, rubric-aligned, NIST-family-grounded","All four explicit low-risk rubric signals are present (mTLS/TLS, customer-managed encryption, private access, hardware MFA), and the SA-10 evidence is affirmatively implemented."
TC-167,tc167_sa_system_and_services_acquisition_sa_11_fully_implemented.json,SA,System and Services Acquisition,SA-11,COMPLIANT,LOW,positive_evidence,"synthetic, rubric-aligned, NIST-family-grounded","All four explicit low-risk rubric signals are present (mTLS/TLS, customer-managed encryption, private access, hardware MFA), and the SA-11 evidence is affirmatively implemented."
TC-168,tc168_sa_system_and_services_acquisition_sa_3_secondary_control_.json,SA,System and Services Acquisition,SA-3,PARTIALLY_COMPLIANT,MODERATE,secondary_gap,"synthetic, rubric-aligned, NIST-family-grounded","Core protections required by the current evaluator remain active, but a documented secondary SA-3 deficiency remains; this matches PARTIALLY_COMPLIANT / MODERATE."
TC-169,tc169_sa_system_and_services_acquisition_sa_9_secondary_control_.json,SA,System and Services Acquisition,SA-9,PARTIALLY_COMPLIANT,MODERATE,secondary_gap,"synthetic, rubric-aligned, NIST-family-grounded","Core protections required by the current evaluator remain active, but a documented secondary SA-9 deficiency remains; this matches PARTIALLY_COMPLIANT / MODERATE."
TC-170,tc170_sa_system_and_services_acquisition_sa_10_secondary_control.json,SA,System and Services Acquisition,SA-10,PARTIALLY_COMPLIANT,MODERATE,secondary_gap,"synthetic, rubric-aligned, NIST-family-grounded","Core protections required by the current evaluator remain active, but a documented secondary SA-10 deficiency remains; this matches PARTIALLY_COMPLIANT / MODERATE."
TC-171,tc171_sa_system_and_services_acquisition_sa_11_secondary_control.json,SA,System and Services Acquisition,SA-11,PARTIALLY_COMPLIANT,MODERATE,secondary_gap,"synthetic, rubric-aligned, NIST-family-grounded","Core protections required by the current evaluator remain active, but a documented secondary SA-11 deficiency remains; this matches PARTIALLY_COMPLIANT / MODERATE."
TC-172,tc172_sa_system_and_services_acquisition_sa_3_with_critical_cros.json,SA,System and Services Acquisition,SA-3,NON_COMPLIANT,CRITICAL,adversarial_instruction_in_evidence,"synthetic, rubric-aligned, NIST-family-grounded","The scenario contains an explicit current-production 'missing administrator MFA' condition, one of the current evaluator's enumerated NON_COMPLIANT / CRITICAL triggers."
TC-173,tc173_sa_system_and_services_acquisition_sa_9_with_critical_cros.json,SA,System and Services Acquisition,SA-9,NON_COMPLIANT,CRITICAL,critical_override,"synthetic, rubric-aligned, NIST-family-grounded","The scenario contains an explicit current-production 'plaintext transport' condition, one of the current evaluator's enumerated NON_COMPLIANT / CRITICAL triggers."
TC-174,tc174_sc_system_and_communications_protection_sc_8_fully_impleme.json,SC,System and Communications Protection,SC-8,COMPLIANT,LOW,positive_evidence,"synthetic, rubric-aligned, NIST-family-grounded","All four explicit low-risk rubric signals are present (mTLS/TLS, customer-managed encryption, private access, hardware MFA), and the SC-8 evidence is affirmatively implemented."
TC-175,tc175_sc_system_and_communications_protection_sc_13_fully_implem.json,SC,System and Communications Protection,SC-13,COMPLIANT,LOW,positive_evidence,"synthetic, rubric-aligned, NIST-family-grounded","All four explicit low-risk rubric signals are present (mTLS/TLS, customer-managed encryption, private access, hardware MFA), and the SC-13 evidence is affirmatively implemented."
TC-176,tc176_sc_system_and_communications_protection_sc_28_fully_implem.json,SC,System and Communications Protection,SC-28,COMPLIANT,LOW,positive_evidence,"synthetic, rubric-aligned, NIST-family-grounded","All four explicit low-risk rubric signals are present (mTLS/TLS, customer-managed encryption, private access, hardware MFA), and the SC-28 evidence is affirmatively implemented."
TC-177,tc177_sc_system_and_communications_protection_sc_7_fully_impleme.json,SC,System and Communications Protection,SC-7,COMPLIANT,LOW,positive_evidence,"synthetic, rubric-aligned, NIST-family-grounded","All four explicit low-risk rubric signals are present (mTLS/TLS, customer-managed encryption, private access, hardware MFA), and the SC-7 evidence is affirmatively implemented."
TC-178,tc178_sc_system_and_communications_protection_sc_8_secondary_con.json,SC,System and Communications Protection,SC-8,PARTIALLY_COMPLIANT,MODERATE,secondary_gap,"synthetic, rubric-aligned, NIST-family-grounded","Core protections required by the current evaluator remain active, but a documented secondary SC-8 deficiency remains; this matches PARTIALLY_COMPLIANT / MODERATE."
TC-179,tc179_sc_system_and_communications_protection_sc_13_secondary_co.json,SC,System and Communications Protection,SC-13,PARTIALLY_COMPLIANT,MODERATE,secondary_gap,"synthetic, rubric-aligned, NIST-family-grounded","Core protections required by the current evaluator remain active, but a documented secondary SC-13 deficiency remains; this matches PARTIALLY_COMPLIANT / MODERATE."
TC-180,tc180_sc_system_and_communications_protection_sc_28_secondary_co.json,SC,System and Communications Protection,SC-28,PARTIALLY_COMPLIANT,MODERATE,secondary_gap,"synthetic, rubric-aligned, NIST-family-grounded","Core protections required by the current evaluator remain active, but a documented secondary SC-28 deficiency remains; this matches PARTIALLY_COMPLIANT / MODERATE."
TC-181,tc181_si_system_and_information_integrity_si_4_fully_implemented.json,SI,System and Information Integrity,SI-4,COMPLIANT,LOW,positive_evidence,"synthetic, rubric-aligned, NIST-family-grounded","All four explicit low-risk rubric signals are present (mTLS/TLS, customer-managed encryption, private access, hardware MFA), and the SI-4 evidence is affirmatively implemented."
TC-182,tc182_si_system_and_information_integrity_si_7_fully_implemented.json,SI,System and Information Integrity,SI-7,COMPLIANT,LOW,positive_evidence,"synthetic, rubric-aligned, NIST-family-grounded","All four explicit low-risk rubric signals are present (mTLS/TLS, customer-managed encryption, private access, hardware MFA), and the SI-7 evidence is affirmatively implemented."
TC-183,tc183_si_system_and_information_integrity_si_2_fully_implemented.json,SI,System and Information Integrity,SI-2,COMPLIANT,LOW,positive_evidence,"synthetic, rubric-aligned, NIST-family-grounded","All four explicit low-risk rubric signals are present (mTLS/TLS, customer-managed encryption, private access, hardware MFA), and the SI-2 evidence is affirmatively implemented."
TC-184,tc184_si_system_and_information_integrity_si_3_fully_implemented.json,SI,System and Information Integrity,SI-3,COMPLIANT,LOW,positive_evidence,"synthetic, rubric-aligned, NIST-family-grounded","All four explicit low-risk rubric signals are present (mTLS/TLS, customer-managed encryption, private access, hardware MFA), and the SI-3 evidence is affirmatively implemented."
TC-185,tc185_si_system_and_information_integrity_si_4_secondary_control.json,SI,System and Information Integrity,SI-4,PARTIALLY_COMPLIANT,MODERATE,secondary_gap,"synthetic, rubric-aligned, NIST-family-grounded","Core protections required by the current evaluator remain active, but a documented secondary SI-4 deficiency remains; this matches PARTIALLY_COMPLIANT / MODERATE."
TC-186,tc186_si_system_and_information_integrity_si_7_secondary_control.json,SI,System and Information Integrity,SI-7,PARTIALLY_COMPLIANT,MODERATE,secondary_gap,"synthetic, rubric-aligned, NIST-family-grounded","Core protections required by the current evaluator remain active, but a documented secondary SI-7 deficiency remains; this matches PARTIALLY_COMPLIANT / MODERATE."
TC-187,tc187_si_system_and_information_integrity_si_2_secondary_control.json,SI,System and Information Integrity,SI-2,PARTIALLY_COMPLIANT,MODERATE,secondary_gap,"synthetic, rubric-aligned, NIST-family-grounded","Core protections required by the current evaluator remain active, but a documented secondary SI-2 deficiency remains; this matches PARTIALLY_COMPLIANT / MODERATE."
TC-188,tc188_si_system_and_information_integrity_si_3_secondary_control.json,SI,System and Information Integrity,SI-3,PARTIALLY_COMPLIANT,MODERATE,secondary_gap,"synthetic, rubric-aligned, NIST-family-grounded","Core protections required by the current evaluator remain active, but a documented secondary SI-3 deficiency remains; this matches PARTIALLY_COMPLIANT / MODERATE."
TC-189,tc189_si_system_and_information_integrity_si_4_with_critical_cro.json,SI,System and Information Integrity,SI-4,NON_COMPLIANT,CRITICAL,critical_override,"synthetic, rubric-aligned, NIST-family-grounded","The scenario contains an explicit current-production 'unencrypted credentials in S3' condition, one of the current evaluator's enumerated NON_COMPLIANT / CRITICAL triggers."
TC-190,tc190_si_system_and_information_integrity_si_7_with_critical_cro.json,SI,System and Information Integrity,SI-7,NON_COMPLIANT,CRITICAL,critical_override,"synthetic, rubric-aligned, NIST-family-grounded","The scenario contains an explicit current-production 'publicly accessible database' condition, one of the current evaluator's enumerated NON_COMPLIANT / CRITICAL triggers."
TC-191,tc191_sr_supply_chain_risk_management_sr_11_fully_implemented.json,SR,Supply Chain Risk Management,SR-11,COMPLIANT,LOW,positive_evidence,"synthetic, rubric-aligned, NIST-family-grounded","All four explicit low-risk rubric signals are present (mTLS/TLS, customer-managed encryption, private access, hardware MFA), and the SR-11 evidence is affirmatively implemented."
TC-192,tc192_sr_supply_chain_risk_management_sr_2_fully_implemented.json,SR,Supply Chain Risk Management,SR-2,COMPLIANT,LOW,positive_evidence,"synthetic, rubric-aligned, NIST-family-grounded","All four explicit low-risk rubric signals are present (mTLS/TLS, customer-managed encryption, private access, hardware MFA), and the SR-2 evidence is affirmatively implemented."
TC-193,tc193_sr_supply_chain_risk_management_sr_4_fully_implemented.json,SR,Supply Chain Risk Management,SR-4,COMPLIANT,LOW,positive_evidence,"synthetic, rubric-aligned, NIST-family-grounded","All four explicit low-risk rubric signals are present (mTLS/TLS, customer-managed encryption, private access, hardware MFA), and the SR-4 evidence is affirmatively implemented."
TC-194,tc194_sr_supply_chain_risk_management_sr_6_fully_implemented.json,SR,Supply Chain Risk Management,SR-6,COMPLIANT,LOW,positive_evidence,"synthetic, rubric-aligned, NIST-family-grounded","All four explicit low-risk rubric signals are present (mTLS/TLS, customer-managed encryption, private access, hardware MFA), and the SR-6 evidence is affirmatively implemented."
TC-195,tc195_sr_supply_chain_risk_management_sr_11_secondary_control_ga.json,SR,Supply Chain Risk Management,SR-11,PARTIALLY_COMPLIANT,MODERATE,secondary_gap,"synthetic, rubric-aligned, NIST-family-grounded","Core protections required by the current evaluator remain active, but a documented secondary SR-11 deficiency remains; this matches PARTIALLY_COMPLIANT / MODERATE."
TC-196,tc196_sr_supply_chain_risk_management_sr_2_secondary_control_gap.json,SR,Supply Chain Risk Management,SR-2,PARTIALLY_COMPLIANT,MODERATE,secondary_gap,"synthetic, rubric-aligned, NIST-family-grounded","Core protections required by the current evaluator remain active, but a documented secondary SR-2 deficiency remains; this matches PARTIALLY_COMPLIANT / MODERATE."
TC-197,tc197_sr_supply_chain_risk_management_sr_4_secondary_control_gap.json,SR,Supply Chain Risk Management,SR-4,PARTIALLY_COMPLIANT,MODERATE,secondary_gap,"synthetic, rubric-aligned, NIST-family-grounded","Core protections required by the current evaluator remain active, but a documented secondary SR-4 deficiency remains; this matches PARTIALLY_COMPLIANT / MODERATE."
TC-198,tc198_sr_supply_chain_risk_management_sr_6_secondary_control_gap.json,SR,Supply Chain Risk Management,SR-6,PARTIALLY_COMPLIANT,MODERATE,secondary_gap,"synthetic, rubric-aligned, NIST-family-grounded","Core protections required by the current evaluator remain active, but a documented secondary SR-6 deficiency remains; this matches PARTIALLY_COMPLIANT / MODERATE."
TC-199,tc199_sr_supply_chain_risk_management_sr_11_with_critical_cross_.json,SR,Supply Chain Risk Management,SR-11,NON_COMPLIANT,CRITICAL,critical_override,"synthetic, rubric-aligned, NIST-family-grounded","The scenario contains an explicit current-production 'plaintext transport' condition, one of the current evaluator's enumerated NON_COMPLIANT / CRITICAL triggers."
TC-200,tc200_sr_supply_chain_risk_management_sr_2_with_critical_cross_c.json,SR,Supply Chain Risk Management,SR-2,NON_COMPLIANT,CRITICAL,adversarial_instruction_in_evidence,"synthetic, rubric-aligned, NIST-family-grounded","The scenario contains an explicit current-production 'missing administrator MFA' condition, one of the current evaluator's enumerated NON_COMPLIANT / CRITICAL triggers."
